instance_id,model,seed,dataset_count,memory_level,memory_ratio,memory_capacity,total_dataset_size,memory_utilization_ratio,travel_time_per_edge,average_travel_time_per_edge,total_one_way_travel_time,battery_capacity_multiplier,optimistic_minimum_energy,battery_capacity,battery_headroom,terrain_profiles,terrain_edges,corruption_level,safe_dataset_count,unsafe_dataset_count,all_datasets_theoretically_safe,dataset_sizes,encoding_times,corruption_margins,loss_times,status,solved,planner,timeout_seconds,wall_runtime_seconds,return_code,reported_plan_length,reported_elapsed_time,plan_makespan,travel_time_in_plan,estimated_travel_time,stationary_time,energy_used,battery_remaining,battery_utilization_ratio,battery_feasible,route_metrics_valid,action_count,move_actions,collect_actions,offload_actions,waiting_periods,total_waiting_time,problem_file,metadata_file,raw_output_file,error_message
rover-battery-n2-mem-low-corr-low-seed-10,battery,10,2,low,0.45,6.0,8.0,1.333333,,2.5,5.0,2.5,16.0,40,24.0,"[""moderate"", ""steep""]","[{""from"": ""base"", ""to"": ""site1"", ""profile"": ""moderate"", ""travel_time"": 2.0, ""energy_cost"": 3.0}, {""from"": ""site1"", ""to"": ""site2"", ""profile"": ""steep"", ""travel_time"": 3.0, ""energy_cost"": 5.0}]",low,2,0,True,"[6, 2]","[5, 5]","[14.0, 14.0]","[19.0, 19.0]",solved,True,sat-hadd,30.0,0.41442,0,42,24.0,24.0,14.0,14.0,10.0,22.0,18.0,0.55,True,True,10,6,2,2,8,24.0,/mnt/c/Users/Endri/Desktop/planetary-rover-experimental-study/experiments/generated_problems/battery_final_unseen/rover-battery-n2-mem-low-corr-low-seed-10.pddl,/mnt/c/Users/Endri/Desktop/planetary-rover-experimental-study/experiments/generated_problems/battery_final_unseen/rover-battery-n2-mem-low-corr-low-seed-10.json,/mnt/c/Users/Endri/Desktop/planetary-rover-experimental-study/experiments/raw_outputs/battery_final_unseen/rover-battery-n2-mem-low-corr-low-seed-10.txt,
rover-battery-n2-mem-low-corr-low-seed-11,battery,11,2,low,0.45,6.0,11.0,1.833333,,2.25,4.5,2.857142857142857,14.0,40,26.0,"[""steep"", ""easy""]","[{""from"": ""base"", ""to"": ""site1"", ""profile"": ""steep"", ""travel_time"": 3.0, ""energy_cost"": 5.0}, {""from"": ""site1"", ""to"": ""site2"", ""profile"": ""easy"", ""travel_time"": 1.5, ""energy_cost"": 2.0}]",low,2,0,True,"[5, 6]","[5, 5]","[14.0, 12.0]","[19.0, 17.0]",solved,True,sat-hadd,30.0,0.456139,0,44,26.0,26.0,15.0,15.0,11.0,24.0,16.0,0.6,True,True,10,6,2,2,8,26.0,/mnt/c/Users/Endri/Desktop/planetary-rover-experimental-study/experiments/generated_problems/battery_final_unseen/rover-battery-n2-mem-low-corr-low-seed-11.pddl,/mnt/c/Users/Endri/Desktop/planetary-rover-experimental-study/experiments/generated_problems/battery_final_unseen/rover-battery-n2-mem-low-corr-low-seed-11.json,/mnt/c/Users/Endri/Desktop/planetary-rover-experimental-study/experiments/raw_outputs/battery_final_unseen/rover-battery-n2-mem-low-corr-low-seed-11.txt,
rover-battery-n2-mem-low-corr-low-seed-12,battery,12,2,low,0.45,5.0,9.0,1.8,,2.0,4.0,3.3333333333333335,12.0,40,28.0,"[""moderate"", ""moderate""]","[{""from"": ""base"", ""to"": ""site1"", ""profile"": ""moderate"", ""travel_time"": 2.0, ""energy_cost"": 3.0}, {""from"": ""site1"", ""to"": ""site2"", ""profile"": ""moderate"", ""travel_time"": 2.0, ""energy_cost"": 3.0}]",low,2,0,True,"[5, 4]","[4, 3]","[14.0, 10.0]","[18.0, 14.0]",solved,True,sat-hadd,30.0,0.372204,0,37,19.0,19.0,12.0,12.0,7.0,18.0,22.0,0.45,True,True,10,6,2,2,8,19.0,/mnt/c/Users/Endri/Desktop/planetary-rover-experimental-study/experiments/generated_problems/battery_final_unseen/rover-battery-n2-mem-low-corr-low-seed-12.pddl,/mnt/c/Users/Endri/Desktop/planetary-rover-experimental-study/experiments/generated_problems/battery_final_unseen/rover-battery-n2-mem-low-corr-low-seed-12.json,/mnt/c/Users/Endri/Desktop/planetary-rover-experimental-study/experiments/raw_outputs/battery_final_unseen/rover-battery-n2-mem-low-corr-low-seed-12.txt,
rover-battery-n2-mem-low-corr-low-seed-13,battery,13,2,low,0.45,4.0,8.0,2.0,,2.25,4.5,2.857142857142857,14.0,40,26.0,"[""steep"", ""easy""]","[{""from"": ""base"", ""to"": ""site1"", ""profile"": ""steep"", ""travel_time"": 3.0, ""energy_cost"": 5.0}, {""from"": ""site1"", ""to"": ""site2"", ""profile"": ""easy"", ""travel_time"": 1.5, ""energy_cost"": 2.0}]",low,2,0,True,"[4, 4]","[3, 3]","[12.0, 14.0]","[15.0, 18.5]",solved,True,sat-hadd,30.0,0.445229,0,47,29.0,29.0,15.0,15.0,14.0,24.0,16.0,0.6,True,True,10,6,2,2,6,29.0,/mnt/c/Users/Endri/Desktop/planetary-rover-experimental-study/experiments/generated_problems/battery_final_unseen/rover-battery-n2-mem-low-corr-low-seed-13.pddl,/mnt/c/Users/Endri/Desktop/planetary-rover-experimental-study/experiments/generated_problems/battery_final_unseen/rover-battery-n2-mem-low-corr-low-seed-13.json,/mnt/c/Users/Endri/Desktop/planetary-rover-experimental-study/experiments/raw_outputs/battery_final_unseen/rover-battery-n2-mem-low-corr-low-seed-13.txt,
rover-battery-n2-mem-low-corr-low-seed-14,battery,14,2,low,0.45,6.0,8.0,1.333333,,1.75,3.5,4.0,10.0,40,30.0,"[""moderate"", ""easy""]","[{""from"": ""base"", ""to"": ""site1"", ""profile"": ""moderate"", ""travel_time"": 2.0, ""energy_cost"": 3.0}, {""from"": ""site1"", ""to"": ""site2"", ""profile"": ""easy"", ""travel_time"": 1.5, ""energy_cost"": 2.0}]",low,2,0,True,"[2, 6]","[3, 4]","[14.0, 12.0]","[17.0, 16.0]",solved,True,sat-hadd,30.0,0.430594,0,37,19.0,19.0,11.0,11.0,8.0,16.0,24.0,0.4,True,True,10,6,2,2,8,19.0,/mnt/c/Users/Endri/Desktop/planetary-rover-experimental-study/experiments/generated_problems/battery_final_unseen/rover-battery-n2-mem-low-corr-low-seed-14.pddl,/mnt/c/Users/Endri/Desktop/planetary-rover-experimental-study/experiments/generated_problems/battery_final_unseen/rover-battery-n2-mem-low-corr-low-seed-14.json,/mnt/c/Users/Endri/Desktop/planetary-rover-experimental-study/experiments/raw_outputs/battery_final_unseen/rover-battery-n2-mem-low-corr-low-seed-14.txt,
rover-battery-n2-mem-low-corr-medium-seed-10,battery,10,2,low,0.45,6.0,8.0,1.333333,,2.5,5.0,2.5,16.0,40,24.0,"[""moderate"", ""steep""]","[{""from"": ""base"", ""to"": ""site1"", ""profile"": ""moderate"", ""travel_time"": 2.0, ""energy_cost"": 3.0}, {""from"": ""site1"", ""to"": ""site2"", ""profile"": ""steep"", ""travel_time"": 3.0, ""energy_cost"": 5.0}]",medium,2,0,True,"[6, 2]","[5, 5]","[10.0, 10.0]","[15.0, 15.0]",solved,True,sat-hadd,30.0,0.404666,0,42,24.0,24.0,14.0,14.0,10.0,22.0,18.0,0.55,True,True,10,6,2,2,8,24.0,/mnt/c/Users/Endri/Desktop/planetary-rover-experimental-study/experiments/generated_problems/battery_final_unseen/rover-battery-n2-mem-low-corr-medium-seed-10.pddl,/mnt/c/Users/Endri/Desktop/planetary-rover-experimental-study/experiments/generated_problems/battery_final_unseen/rover-battery-n2-mem-low-corr-medium-seed-10.json,/mnt/c/Users/Endri/Desktop/planetary-rover-experimental-study/experiments/raw_outputs/battery_final_unseen/rover-battery-n2-mem-low-corr-medium-seed-10.txt,
rover-battery-n2-mem-low-corr-medium-seed-11,battery,11,2,low,0.45,6.0,11.0,1.833333,,2.25,4.5,2.857142857142857,14.0,40,26.0,"[""steep"", ""easy""]","[{""from"": ""base"", ""to"": ""site1"", ""profile"": ""steep"", ""travel_time"": 3.0, ""energy_cost"": 5.0}, {""from"": ""site1"", ""to"": ""site2"", ""profile"": ""easy"", ""travel_time"": 1.5, ""energy_cost"": 2.0}]",medium,2,0,True,"[5, 6]","[5, 5]","[10.0, 8.0]","[15.0, 13.0]",solved,True,sat-hadd,30.0,0.447416,0,39,21.0,21.0,15.0,15.0,6.0,24.0,16.0,0.6,True,True,10,6,2,2,6,21.0,/mnt/c/Users/Endri/Desktop/planetary-rover-experimental-study/experiments/generated_problems/battery_final_unseen/rover-battery-n2-mem-low-corr-medium-seed-11.pddl,/mnt/c/Users/Endri/Desktop/planetary-rover-experimental-study/experiments/generated_problems/battery_final_unseen/rover-battery-n2-mem-low-corr-medium-seed-11.json,/mnt/c/Users/Endri/Desktop/planetary-rover-experimental-study/experiments/raw_outputs/battery_final_unseen/rover-battery-n2-mem-low-corr-medium-seed-11.txt,
rover-battery-n2-mem-low-corr-medium-seed-12,battery,12,2,low,0.45,5.0,9.0,1.8,,2.0,4.0,3.3333333333333335,12.0,40,28.0,"[""moderate"", ""moderate""]","[{""from"": ""base"", ""to"": ""site1"", ""profile"": ""moderate"", ""travel_time"": 2.0, ""energy_cost"": 3.0}, {""from"": ""site1"", ""to"": ""site2"", ""profile"": ""moderate"", ""travel_time"": 2.0, ""energy_cost"": 3.0}]",medium,2,0,True,"[5, 4]","[4, 3]","[10.0, 6.0]","[14.0, 10.0]",solved,True,sat-hadd,30.0,0.376862,0,37,19.0,19.0,12.0,12.0,7.0,18.0,22.0,0.45,True,True,10,6,2,2,8,19.0,/mnt/c/Users/Endri/Desktop/planetary-rover-experimental-study/experiments/generated_problems/battery_final_unseen/rover-battery-n2-mem-low-corr-medium-seed-12.pddl,/mnt/c/Users/Endri/Desktop/planetary-rover-experimental-study/experiments/generated_problems/battery_final_unseen/rover-battery-n2-mem-low-corr-medium-seed-12.json,/mnt/c/Users/Endri/Desktop/planetary-rover-experimental-study/experiments/raw_outputs/battery_final_unseen/rover-battery-n2-mem-low-corr-medium-seed-12.txt,
rover-battery-n2-mem-low-corr-medium-seed-13,battery,13,2,low,0.45,4.0,8.0,2.0,,2.25,4.5,2.857142857142857,14.0,40,26.0,"[""steep"", ""easy""]","[{""from"": ""base"", ""to"": ""site1"", ""profile"": ""steep"", ""travel_time"": 3.0, ""energy_cost"": 5.0}, {""from"": ""site1"", ""to"": ""site2"", ""profile"": ""easy"", ""travel_time"": 1.5, ""energy_cost"": 2.0}]",medium,2,0,True,"[4, 4]","[3, 3]","[8.0, 10.0]","[11.0, 14.5]",solved,True,sat-hadd,30.0,0.42018,0,43,25.0,25.0,15.0,15.0,10.0,24.0,16.0,0.6,True,True,10,6,2,2,6,25.0,/mnt/c/Users/Endri/Desktop/planetary-rover-experimental-study/experiments/generated_problems/battery_final_unseen/rover-battery-n2-mem-low-corr-medium-seed-13.pddl,/mnt/c/Users/Endri/Desktop/planetary-rover-experimental-study/experiments/generated_problems/battery_final_unseen/rover-battery-n2-mem-low-corr-medium-seed-13.json,/mnt/c/Users/Endri/Desktop/planetary-rover-experimental-study/experiments/raw_outputs/battery_final_unseen/rover-battery-n2-mem-low-corr-medium-seed-13.txt,
rover-battery-n2-mem-low-corr-medium-seed-14,battery,14,2,low,0.45,6.0,8.0,1.333333,,1.75,3.5,4.0,10.0,40,30.0,"[""moderate"", ""easy""]","[{""from"": ""base"", ""to"": ""site1"", ""profile"": ""moderate"", ""travel_time"": 2.0, ""energy_cost"": 3.0}, {""from"": ""site1"", ""to"": ""site2"", ""profile"": ""easy"", ""travel_time"": 1.5, ""energy_cost"": 2.0}]",medium,2,0,True,"[2, 6]","[3, 4]","[10.0, 8.0]","[13.0, 12.0]",solved,True,sat-hadd,30.0,0.432831,0,37,19.0,19.0,11.0,11.0,8.0,16.0,24.0,0.4,True,True,10,6,2,2,8,19.0,/mnt/c/Users/Endri/Desktop/planetary-rover-experimental-study/experiments/generated_problems/battery_final_unseen/rover-battery-n2-mem-low-corr-medium-seed-14.pddl,/mnt/c/Users/Endri/Desktop/planetary-rover-experimental-study/experiments/generated_problems/battery_final_unseen/rover-battery-n2-mem-low-corr-medium-seed-14.json,/mnt/c/Users/Endri/Desktop/planetary-rover-experimental-study/experiments/raw_outputs/battery_final_unseen/rover-battery-n2-mem-low-corr-medium-seed-14.txt,
rover-battery-n2-mem-low-corr-high-seed-10,battery,10,2,low,0.45,6.0,8.0,1.333333,,2.5,5.0,2.5,16.0,40,24.0,"[""moderate"", ""steep""]","[{""from"": ""base"", ""to"": ""site1"", ""profile"": ""moderate"", ""travel_time"": 2.0, ""energy_cost"": 3.0}, {""from"": ""site1"", ""to"": ""site2"", ""profile"": ""steep"", ""travel_time"": 3.0, ""energy_cost"": 5.0}]",high,2,0,True,"[6, 2]","[5, 5]","[5.0, 5.0]","[10.0, 10.0]",solved,True,sat-hadd,30.0,0.397313,0,41,23.0,23.0,14.0,14.0,9.0,22.0,18.0,0.55,True,True,10,6,2,2,8,23.0,/mnt/c/Users/Endri/Desktop/planetary-rover-experimental-study/experiments/generated_problems/battery_final_unseen/rover-battery-n2-mem-low-corr-high-seed-10.pddl,/mnt/c/Users/Endri/Desktop/planetary-rover-experimental-study/experiments/generated_problems/battery_final_unseen/rover-battery-n2-mem-low-corr-high-seed-10.json,/mnt/c/Users/Endri/Desktop/planetary-rover-experimental-study/experiments/raw_outputs/battery_final_unseen/rover-battery-n2-mem-low-corr-high-seed-10.txt,
rover-battery-n2-mem-low-corr-high-seed-11,battery,11,2,low,0.45,6.0,11.0,1.833333,,2.25,4.5,2.857142857142857,14.0,40,26.0,"[""steep"", ""easy""]","[{""from"": ""base"", ""to"": ""site1"", ""profile"": ""steep"", ""travel_time"": 3.0, ""energy_cost"": 5.0}, {""from"": ""site1"", ""to"": ""site2"", ""profile"": ""easy"", ""travel_time"": 1.5, ""energy_cost"": 2.0}]",high,2,0,True,"[5, 6]","[5, 5]","[5.0, 4.0]","[10.0, 9.0]",solved,True,sat-hadd,30.0,0.378189,0,39,21.0,21.0,15.0,15.0,6.0,24.0,16.0,0.6,True,True,10,6,2,2,6,21.0,/mnt/c/Users/Endri/Desktop/planetary-rover-experimental-study/experiments/generated_problems/battery_final_unseen/rover-battery-n2-mem-low-corr-high-seed-11.pddl,/mnt/c/Users/Endri/Desktop/planetary-rover-experimental-study/experiments/generated_problems/battery_final_unseen/rover-battery-n2-mem-low-corr-high-seed-11.json,/mnt/c/Users/Endri/Desktop/planetary-rover-experimental-study/experiments/raw_outputs/battery_final_unseen/rover-battery-n2-mem-low-corr-high-seed-11.txt,
rover-battery-n2-mem-low-corr-high-seed-12,battery,12,2,low,0.45,5.0,9.0,1.8,,2.0,4.0,3.3333333333333335,12.0,40,28.0,"[""moderate"", ""moderate""]","[{""from"": ""base"", ""to"": ""site1"", ""profile"": ""moderate"", ""travel_time"": 2.0, ""energy_cost"": 3.0}, {""from"": ""site1"", ""to"": ""site2"", ""profile"": ""moderate"", ""travel_time"": 2.0, ""energy_cost"": 3.0}]",high,2,0,True,"[5, 4]","[4, 3]","[5.0, 3.0]","[9.0, 7.0]",solved,True,sat-hadd,30.0,0.370583,0,36,18.0,18.0,12.0,12.0,6.0,18.0,22.0,0.45,True,True,10,6,2,2,8,18.0,/mnt/c/Users/Endri/Desktop/planetary-rover-experimental-study/experiments/generated_problems/battery_final_unseen/rover-battery-n2-mem-low-corr-high-seed-12.pddl,/mnt/c/Users/Endri/Desktop/planetary-rover-experimental-study/experiments/generated_problems/battery_final_unseen/rover-battery-n2-mem-low-corr-high-seed-12.json,/mnt/c/Users/Endri/Desktop/planetary-rover-experimental-study/experiments/raw_outputs/battery_final_unseen/rover-battery-n2-mem-low-corr-high-seed-12.txt,
rover-battery-n2-mem-low-corr-high-seed-13,battery,13,2,low,0.45,4.0,8.0,2.0,,2.25,4.5,2.857142857142857,14.0,40,26.0,"[""steep"", ""easy""]","[{""from"": ""base"", ""to"": ""site1"", ""profile"": ""steep"", ""travel_time"": 3.0, ""energy_cost"": 5.0}, {""from"": ""site1"", ""to"": ""site2"", ""profile"": ""easy"", ""travel_time"": 1.5, ""energy_cost"": 2.0}]",high,2,0,True,"[4, 4]","[3, 3]","[4.0, 5.0]","[7.0, 9.5]",solved,True,sat-hadd,30.0,0.416285,0,38,20.0,20.0,15.0,15.0,5.0,24.0,16.0,0.6,True,True,10,6,2,2,6,20.0,/mnt/c/Users/Endri/Desktop/planetary-rover-experimental-study/experiments/generated_problems/battery_final_unseen/rover-battery-n2-mem-low-corr-high-seed-13.pddl,/mnt/c/Users/Endri/Desktop/planetary-rover-experimental-study/experiments/generated_problems/battery_final_unseen/rover-battery-n2-mem-low-corr-high-seed-13.json,/mnt/c/Users/Endri/Desktop/planetary-rover-experimental-study/experiments/raw_outputs/battery_final_unseen/rover-battery-n2-mem-low-corr-high-seed-13.txt,
rover-battery-n2-mem-low-corr-high-seed-14,battery,14,2,low,0.45,6.0,8.0,1.333333,,1.75,3.5,4.0,10.0,40,30.0,"[""moderate"", ""easy""]","[{""from"": ""base"", ""to"": ""site1"", ""profile"": ""moderate"", ""travel_time"": 2.0, ""energy_cost"": 3.0}, {""from"": ""site1"", ""to"": ""site2"", ""profile"": ""easy"", ""travel_time"": 1.5, ""energy_cost"": 2.0}]",high,2,0,True,"[2, 6]","[3, 4]","[5.0, 4.0]","[8.0, 8.0]",solved,True,sat-hadd,30.0,0.374256,0,33,15.0,15.0,11.0,11.0,4.0,16.0,24.0,0.4,True,True,10,6,2,2,6,15.0,/mnt/c/Users/Endri/Desktop/planetary-rover-experimental-study/experiments/generated_problems/battery_final_unseen/rover-battery-n2-mem-low-corr-high-seed-14.pddl,/mnt/c/Users/Endri/Desktop/planetary-rover-experimental-study/experiments/generated_problems/battery_final_unseen/rover-battery-n2-mem-low-corr-high-seed-14.json,/mnt/c/Users/Endri/Desktop/planetary-rover-experimental-study/experiments/raw_outputs/battery_final_unseen/rover-battery-n2-mem-low-corr-high-seed-14.txt,
rover-battery-n2-mem-medium-corr-low-seed-10,battery,10,2,medium,0.7,6.0,8.0,1.333333,,2.5,5.0,2.5,16.0,40,24.0,"[""moderate"", ""steep""]","[{""from"": ""base"", ""to"": ""site1"", ""profile"": ""moderate"", ""travel_time"": 2.0, ""energy_cost"": 3.0}, {""from"": ""site1"", ""to"": ""site2"", ""profile"": ""steep"", ""travel_time"": 3.0, ""energy_cost"": 5.0}]",low,2,0,True,"[6, 2]","[5, 5]","[14.0, 14.0]","[19.0, 19.0]",solved,True,sat-hadd,30.0,0.413651,0,42,24.0,24.0,14.0,14.0,10.0,22.0,18.0,0.55,True,True,10,6,2,2,8,24.0,/mnt/c/Users/Endri/Desktop/planetary-rover-experimental-study/experiments/generated_problems/battery_final_unseen/rover-battery-n2-mem-medium-corr-low-seed-10.pddl,/mnt/c/Users/Endri/Desktop/planetary-rover-experimental-study/experiments/generated_problems/battery_final_unseen/rover-battery-n2-mem-medium-corr-low-seed-10.json,/mnt/c/Users/Endri/Desktop/planetary-rover-experimental-study/experiments/raw_outputs/battery_final_unseen/rover-battery-n2-mem-medium-corr-low-seed-10.txt,
rover-battery-n2-mem-medium-corr-low-seed-11,battery,11,2,medium,0.7,8.0,11.0,1.375,,2.25,4.5,2.857142857142857,14.0,40,26.0,"[""steep"", ""easy""]","[{""from"": ""base"", ""to"": ""site1"", ""profile"": ""steep"", ""travel_time"": 3.0, ""energy_cost"": 5.0}, {""from"": ""site1"", ""to"": ""site2"", ""profile"": ""easy"", ""travel_time"": 1.5, ""energy_cost"": 2.0}]",low,2,0,True,"[5, 6]","[5, 5]","[14.0, 12.0]","[19.0, 17.0]",solved,True,sat-hadd,30.0,0.48176,0,44,26.0,26.0,15.0,15.0,11.0,24.0,16.0,0.6,True,True,10,6,2,2,8,26.0,/mnt/c/Users/Endri/Desktop/planetary-rover-experimental-study/experiments/generated_problems/battery_final_unseen/rover-battery-n2-mem-medium-corr-low-seed-11.pddl,/mnt/c/Users/Endri/Desktop/planetary-rover-experimental-study/experiments/generated_problems/battery_final_unseen/rover-battery-n2-mem-medium-corr-low-seed-11.json,/mnt/c/Users/Endri/Desktop/planetary-rover-experimental-study/experiments/raw_outputs/battery_final_unseen/rover-battery-n2-mem-medium-corr-low-seed-11.txt,
rover-battery-n2-mem-medium-corr-low-seed-12,battery,12,2,medium,0.7,7.0,9.0,1.285714,,2.0,4.0,3.3333333333333335,12.0,40,28.0,"[""moderate"", ""moderate""]","[{""from"": ""base"", ""to"": ""site1"", ""profile"": ""moderate"", ""travel_time"": 2.0, ""energy_cost"": 3.0}, {""from"": ""site1"", ""to"": ""site2"", ""profile"": ""moderate"", ""travel_time"": 2.0, ""energy_cost"": 3.0}]",low,2,0,True,"[5, 4]","[4, 3]","[14.0, 10.0]","[18.0, 14.0]",solved,True,sat-hadd,30.0,0.371627,0,37,19.0,19.0,12.0,12.0,7.0,18.0,22.0,0.45,True,True,10,6,2,2,8,19.0,/mnt/c/Users/Endri/Desktop/planetary-rover-experimental-study/experiments/generated_problems/battery_final_unseen/rover-battery-n2-mem-medium-corr-low-seed-12.pddl,/mnt/c/Users/Endri/Desktop/planetary-rover-experimental-study/experiments/generated_problems/battery_final_unseen/rover-battery-n2-mem-medium-corr-low-seed-12.json,/mnt/c/Users/Endri/Desktop/planetary-rover-experimental-study/experiments/raw_outputs/battery_final_unseen/rover-battery-n2-mem-medium-corr-low-seed-12.txt,
rover-battery-n2-mem-medium-corr-low-seed-13,battery,13,2,medium,0.7,6.0,8.0,1.333333,,2.25,4.5,2.857142857142857,14.0,40,26.0,"[""steep"", ""easy""]","[{""from"": ""base"", ""to"": ""site1"", ""profile"": ""steep"", ""travel_time"": 3.0, ""energy_cost"": 5.0}, {""from"": ""site1"", ""to"": ""site2"", ""profile"": ""easy"", ""travel_time"": 1.5, ""energy_cost"": 2.0}]",low,2,0,True,"[4, 4]","[3, 3]","[12.0, 14.0]","[15.0, 18.5]",solved,True,sat-hadd,30.0,0.448453,0,47,29.0,29.0,15.0,15.0,14.0,24.0,16.0,0.6,True,True,10,6,2,2,6,29.0,/mnt/c/Users/Endri/Desktop/planetary-rover-experimental-study/experiments/generated_problems/battery_final_unseen/rover-battery-n2-mem-medium-corr-low-seed-13.pddl,/mnt/c/Users/Endri/Desktop/planetary-rover-experimental-study/experiments/generated_problems/battery_final_unseen/rover-battery-n2-mem-medium-corr-low-seed-13.json,/mnt/c/Users/Endri/Desktop/planetary-rover-experimental-study/experiments/raw_outputs/battery_final_unseen/rover-battery-n2-mem-medium-corr-low-seed-13.txt,
rover-battery-n2-mem-medium-corr-low-seed-14,battery,14,2,medium,0.7,6.0,8.0,1.333333,,1.75,3.5,4.0,10.0,40,30.0,"[""moderate"", ""easy""]","[{""from"": ""base"", ""to"": ""site1"", ""profile"": ""moderate"", ""travel_time"": 2.0, ""energy_cost"": 3.0}, {""from"": ""site1"", ""to"": ""site2"", ""profile"": ""easy"", ""travel_time"": 1.5, ""energy_cost"": 2.0}]",low,2,0,True,"[2, 6]","[3, 4]","[14.0, 12.0]","[17.0, 16.0]",solved,True,sat-hadd,30.0,0.448802,0,37,19.0,19.0,11.0,11.0,8.0,16.0,24.0,0.4,True,True,10,6,2,2,8,19.0,/mnt/c/Users/Endri/Desktop/planetary-rover-experimental-study/experiments/generated_problems/battery_final_unseen/rover-battery-n2-mem-medium-corr-low-seed-14.pddl,/mnt/c/Users/Endri/Desktop/planetary-rover-experimental-study/experiments/generated_problems/battery_final_unseen/rover-battery-n2-mem-medium-corr-low-seed-14.json,/mnt/c/Users/Endri/Desktop/planetary-rover-experimental-study/experiments/raw_outputs/battery_final_unseen/rover-battery-n2-mem-medium-corr-low-seed-14.txt,
rover-battery-n2-mem-medium-corr-medium-seed-10,battery,10,2,medium,0.7,6.0,8.0,1.333333,,2.5,5.0,2.5,16.0,40,24.0,"[""moderate"", ""steep""]","[{""from"": ""base"", ""to"": ""site1"", ""profile"": ""moderate"", ""travel_time"": 2.0, ""energy_cost"": 3.0}, {""from"": ""site1"", ""to"": ""site2"", ""profile"": ""steep"", ""travel_time"": 3.0, ""energy_cost"": 5.0}]",medium,2,0,True,"[6, 2]","[5, 5]","[10.0, 10.0]","[15.0, 15.0]",solved,True,sat-hadd,30.0,0.429483,0,42,24.0,24.0,14.0,14.0,10.0,22.0,18.0,0.55,True,True,10,6,2,2,8,24.0,/mnt/c/Users/Endri/Desktop/planetary-rover-experimental-study/experiments/generated_problems/battery_final_unseen/rover-battery-n2-mem-medium-corr-medium-seed-10.pddl,/mnt/c/Users/Endri/Desktop/planetary-rover-experimental-study/experiments/generated_problems/battery_final_unseen/rover-battery-n2-mem-medium-corr-medium-seed-10.json,/mnt/c/Users/Endri/Desktop/planetary-rover-experimental-study/experiments/raw_outputs/battery_final_unseen/rover-battery-n2-mem-medium-corr-medium-seed-10.txt,
rover-battery-n2-mem-medium-corr-medium-seed-11,battery,11,2,medium,0.7,8.0,11.0,1.375,,2.25,4.5,2.857142857142857,14.0,40,26.0,"[""steep"", ""easy""]","[{""from"": ""base"", ""to"": ""site1"", ""profile"": ""steep"", ""travel_time"": 3.0, ""energy_cost"": 5.0}, {""from"": ""site1"", ""to"": ""site2"", ""profile"": ""easy"", ""travel_time"": 1.5, ""energy_cost"": 2.0}]",medium,2,0,True,"[5, 6]","[5, 5]","[10.0, 8.0]","[15.0, 13.0]",solved,True,sat-hadd,30.0,0.460787,0,39,21.0,21.0,15.0,15.0,6.0,24.0,16.0,0.6,True,True,10,6,2,2,6,21.0,/mnt/c/Users/Endri/Desktop/planetary-rover-experimental-study/experiments/generated_problems/battery_final_unseen/rover-battery-n2-mem-medium-corr-medium-seed-11.pddl,/mnt/c/Users/Endri/Desktop/planetary-rover-experimental-study/experiments/generated_problems/battery_final_unseen/rover-battery-n2-mem-medium-corr-medium-seed-11.json,/mnt/c/Users/Endri/Desktop/planetary-rover-experimental-study/experiments/raw_outputs/battery_final_unseen/rover-battery-n2-mem-medium-corr-medium-seed-11.txt,
rover-battery-n2-mem-medium-corr-medium-seed-12,battery,12,2,medium,0.7,7.0,9.0,1.285714,,2.0,4.0,3.3333333333333335,12.0,40,28.0,"[""moderate"", ""moderate""]","[{""from"": ""base"", ""to"": ""site1"", ""profile"": ""moderate"", ""travel_time"": 2.0, ""energy_cost"": 3.0}, {""from"": ""site1"", ""to"": ""site2"", ""profile"": ""moderate"", ""travel_time"": 2.0, ""energy_cost"": 3.0}]",medium,2,0,True,"[5, 4]","[4, 3]","[10.0, 6.0]","[14.0, 10.0]",solved,True,sat-hadd,30.0,0.398414,0,37,19.0,19.0,12.0,12.0,7.0,18.0,22.0,0.45,True,True,10,6,2,2,8,19.0,/mnt/c/Users/Endri/Desktop/planetary-rover-experimental-study/experiments/generated_problems/battery_final_unseen/rover-battery-n2-mem-medium-corr-medium-seed-12.pddl,/mnt/c/Users/Endri/Desktop/planetary-rover-experimental-study/experiments/generated_problems/battery_final_unseen/rover-battery-n2-mem-medium-corr-medium-seed-12.json,/mnt/c/Users/Endri/Desktop/planetary-rover-experimental-study/experiments/raw_outputs/battery_final_unseen/rover-battery-n2-mem-medium-corr-medium-seed-12.txt,
rover-battery-n2-mem-medium-corr-medium-seed-13,battery,13,2,medium,0.7,6.0,8.0,1.333333,,2.25,4.5,2.857142857142857,14.0,40,26.0,"[""steep"", ""easy""]","[{""from"": ""base"", ""to"": ""site1"", ""profile"": ""steep"", ""travel_time"": 3.0, ""energy_cost"": 5.0}, {""from"": ""site1"", ""to"": ""site2"", ""profile"": ""easy"", ""travel_time"": 1.5, ""energy_cost"": 2.0}]",medium,2,0,True,"[4, 4]","[3, 3]","[8.0, 10.0]","[11.0, 14.5]",solved,True,sat-hadd,30.0,0.43993,0,43,25.0,25.0,15.0,15.0,10.0,24.0,16.0,0.6,True,True,10,6,2,2,6,25.0,/mnt/c/Users/Endri/Desktop/planetary-rover-experimental-study/experiments/generated_problems/battery_final_unseen/rover-battery-n2-mem-medium-corr-medium-seed-13.pddl,/mnt/c/Users/Endri/Desktop/planetary-rover-experimental-study/experiments/generated_problems/battery_final_unseen/rover-battery-n2-mem-medium-corr-medium-seed-13.json,/mnt/c/Users/Endri/Desktop/planetary-rover-experimental-study/experiments/raw_outputs/battery_final_unseen/rover-battery-n2-mem-medium-corr-medium-seed-13.txt,
rover-battery-n2-mem-medium-corr-medium-seed-14,battery,14,2,medium,0.7,6.0,8.0,1.333333,,1.75,3.5,4.0,10.0,40,30.0,"[""moderate"", ""easy""]","[{""from"": ""base"", ""to"": ""site1"", ""profile"": ""moderate"", ""travel_time"": 2.0, ""energy_cost"": 3.0}, {""from"": ""site1"", ""to"": ""site2"", ""profile"": ""easy"", ""travel_time"": 1.5, ""energy_cost"": 2.0}]",medium,2,0,True,"[2, 6]","[3, 4]","[10.0, 8.0]","[13.0, 12.0]",solved,True,sat-hadd,30.0,0.480583,0,37,19.0,19.0,11.0,11.0,8.0,16.0,24.0,0.4,True,True,10,6,2,2,8,19.0,/mnt/c/Users/Endri/Desktop/planetary-rover-experimental-study/experiments/generated_problems/battery_final_unseen/rover-battery-n2-mem-medium-corr-medium-seed-14.pddl,/mnt/c/Users/Endri/Desktop/planetary-rover-experimental-study/experiments/generated_problems/battery_final_unseen/rover-battery-n2-mem-medium-corr-medium-seed-14.json,/mnt/c/Users/Endri/Desktop/planetary-rover-experimental-study/experiments/raw_outputs/battery_final_unseen/rover-battery-n2-mem-medium-corr-medium-seed-14.txt,
rover-battery-n2-mem-medium-corr-high-seed-10,battery,10,2,medium,0.7,6.0,8.0,1.333333,,2.5,5.0,2.5,16.0,40,24.0,"[""moderate"", ""steep""]","[{""from"": ""base"", ""to"": ""site1"", ""profile"": ""moderate"", ""travel_time"": 2.0, ""energy_cost"": 3.0}, {""from"": ""site1"", ""to"": ""site2"", ""profile"": ""steep"", ""travel_time"": 3.0, ""energy_cost"": 5.0}]",high,2,0,True,"[6, 2]","[5, 5]","[5.0, 5.0]","[10.0, 10.0]",solved,True,sat-hadd,30.0,0.372242,0,41,23.0,23.0,14.0,14.0,9.0,22.0,18.0,0.55,True,True,10,6,2,2,8,23.0,/mnt/c/Users/Endri/Desktop/planetary-rover-experimental-study/experiments/generated_problems/battery_final_unseen/rover-battery-n2-mem-medium-corr-high-seed-10.pddl,/mnt/c/Users/Endri/Desktop/planetary-rover-experimental-study/experiments/generated_problems/battery_final_unseen/rover-battery-n2-mem-medium-corr-high-seed-10.json,/mnt/c/Users/Endri/Desktop/planetary-rover-experimental-study/experiments/raw_outputs/battery_final_unseen/rover-battery-n2-mem-medium-corr-high-seed-10.txt,
rover-battery-n2-mem-medium-corr-high-seed-11,battery,11,2,medium,0.7,8.0,11.0,1.375,,2.25,4.5,2.857142857142857,14.0,40,26.0,"[""steep"", ""easy""]","[{""from"": ""base"", ""to"": ""site1"", ""profile"": ""steep"", ""travel_time"": 3.0, ""energy_cost"": 5.0}, {""from"": ""site1"", ""to"": ""site2"", ""profile"": ""easy"", ""travel_time"": 1.5, ""energy_cost"": 2.0}]",high,2,0,True,"[5, 6]","[5, 5]","[5.0, 4.0]","[10.0, 9.0]",solved,True,sat-hadd,30.0,0.387985,0,39,21.0,21.0,15.0,15.0,6.0,24.0,16.0,0.6,True,True,10,6,2,2,6,21.0,/mnt/c/Users/Endri/Desktop/planetary-rover-experimental-study/experiments/generated_problems/battery_final_unseen/rover-battery-n2-mem-medium-corr-high-seed-11.pddl,/mnt/c/Users/Endri/Desktop/planetary-rover-experimental-study/experiments/generated_problems/battery_final_unseen/rover-battery-n2-mem-medium-corr-high-seed-11.json,/mnt/c/Users/Endri/Desktop/planetary-rover-experimental-study/experiments/raw_outputs/battery_final_unseen/rover-battery-n2-mem-medium-corr-high-seed-11.txt,
rover-battery-n2-mem-medium-corr-high-seed-12,battery,12,2,medium,0.7,7.0,9.0,1.285714,,2.0,4.0,3.3333333333333335,12.0,40,28.0,"[""moderate"", ""moderate""]","[{""from"": ""base"", ""to"": ""site1"", ""profile"": ""moderate"", ""travel_time"": 2.0, ""energy_cost"": 3.0}, {""from"": ""site1"", ""to"": ""site2"", ""profile"": ""moderate"", ""travel_time"": 2.0, ""energy_cost"": 3.0}]",high,2,0,True,"[5, 4]","[4, 3]","[5.0, 3.0]","[9.0, 7.0]",solved,True,sat-hadd,30.0,0.371726,0,36,18.0,18.0,12.0,12.0,6.0,18.0,22.0,0.45,True,True,10,6,2,2,8,18.0,/mnt/c/Users/Endri/Desktop/planetary-rover-experimental-study/experiments/generated_problems/battery_final_unseen/rover-battery-n2-mem-medium-corr-high-seed-12.pddl,/mnt/c/Users/Endri/Desktop/planetary-rover-experimental-study/experiments/generated_problems/battery_final_unseen/rover-battery-n2-mem-medium-corr-high-seed-12.json,/mnt/c/Users/Endri/Desktop/planetary-rover-experimental-study/experiments/raw_outputs/battery_final_unseen/rover-battery-n2-mem-medium-corr-high-seed-12.txt,
rover-battery-n2-mem-medium-corr-high-seed-13,battery,13,2,medium,0.7,6.0,8.0,1.333333,,2.25,4.5,2.857142857142857,14.0,40,26.0,"[""steep"", ""easy""]","[{""from"": ""base"", ""to"": ""site1"", ""profile"": ""steep"", ""travel_time"": 3.0, ""energy_cost"": 5.0}, {""from"": ""site1"", ""to"": ""site2"", ""profile"": ""easy"", ""travel_time"": 1.5, ""energy_cost"": 2.0}]",high,2,0,True,"[4, 4]","[3, 3]","[4.0, 5.0]","[7.0, 9.5]",solved,True,sat-hadd,30.0,0.383256,0,38,20.0,20.0,15.0,15.0,5.0,24.0,16.0,0.6,True,True,10,6,2,2,6,20.0,/mnt/c/Users/Endri/Desktop/planetary-rover-experimental-study/experiments/generated_problems/battery_final_unseen/rover-battery-n2-mem-medium-corr-high-seed-13.pddl,/mnt/c/Users/Endri/Desktop/planetary-rover-experimental-study/experiments/generated_problems/battery_final_unseen/rover-battery-n2-mem-medium-corr-high-seed-13.json,/mnt/c/Users/Endri/Desktop/planetary-rover-experimental-study/experiments/raw_outputs/battery_final_unseen/rover-battery-n2-mem-medium-corr-high-seed-13.txt,
rover-battery-n2-mem-medium-corr-high-seed-14,battery,14,2,medium,0.7,6.0,8.0,1.333333,,1.75,3.5,4.0,10.0,40,30.0,"[""moderate"", ""easy""]","[{""from"": ""base"", ""to"": ""site1"", ""profile"": ""moderate"", ""travel_time"": 2.0, ""energy_cost"": 3.0}, {""from"": ""site1"", ""to"": ""site2"", ""profile"": ""easy"", ""travel_time"": 1.5, ""energy_cost"": 2.0}]",high,2,0,True,"[2, 6]","[3, 4]","[5.0, 4.0]","[8.0, 8.0]",solved,True,sat-hadd,30.0,0.383965,0,33,15.0,15.0,11.0,11.0,4.0,16.0,24.0,0.4,True,True,10,6,2,2,6,15.0,/mnt/c/Users/Endri/Desktop/planetary-rover-experimental-study/experiments/generated_problems/battery_final_unseen/rover-battery-n2-mem-medium-corr-high-seed-14.pddl,/mnt/c/Users/Endri/Desktop/planetary-rover-experimental-study/experiments/generated_problems/battery_final_unseen/rover-battery-n2-mem-medium-corr-high-seed-14.json,/mnt/c/Users/Endri/Desktop/planetary-rover-experimental-study/experiments/raw_outputs/battery_final_unseen/rover-battery-n2-mem-medium-corr-high-seed-14.txt,
rover-battery-n2-mem-high-corr-low-seed-10,battery,10,2,high,1.0,8.0,8.0,1.0,,2.5,5.0,2.5,16.0,40,24.0,"[""moderate"", ""steep""]","[{""from"": ""base"", ""to"": ""site1"", ""profile"": ""moderate"", ""travel_time"": 2.0, ""energy_cost"": 3.0}, {""from"": ""site1"", ""to"": ""site2"", ""profile"": ""steep"", ""travel_time"": 3.0, ""energy_cost"": 5.0}]",low,2,0,True,"[6, 2]","[5, 5]","[14.0, 14.0]","[19.0, 19.0]",solved,True,sat-hadd,30.0,0.383756,0,34,20.0,20.0,10.0,10.0,10.0,16.0,24.0,0.4,True,True,8,4,2,2,6,20.0,/mnt/c/Users/Endri/Desktop/planetary-rover-experimental-study/experiments/generated_problems/battery_final_unseen/rover-battery-n2-mem-high-corr-low-seed-10.pddl,/mnt/c/Users/Endri/Desktop/planetary-rover-experimental-study/experiments/generated_problems/battery_final_unseen/rover-battery-n2-mem-high-corr-low-seed-10.json,/mnt/c/Users/Endri/Desktop/planetary-rover-experimental-study/experiments/raw_outputs/battery_final_unseen/rover-battery-n2-mem-high-corr-low-seed-10.txt,
rover-battery-n2-mem-high-corr-low-seed-11,battery,11,2,high,1.0,11.0,11.0,1.0,,2.25,4.5,2.857142857142857,14.0,40,26.0,"[""steep"", ""easy""]","[{""from"": ""base"", ""to"": ""site1"", ""profile"": ""steep"", ""travel_time"": 3.0, ""energy_cost"": 5.0}, {""from"": ""site1"", ""to"": ""site2"", ""profile"": ""easy"", ""travel_time"": 1.5, ""energy_cost"": 2.0}]",low,2,0,True,"[5, 6]","[5, 5]","[14.0, 12.0]","[19.0, 17.0]",solved,True,sat-hadd,30.0,0.365704,0,34,20.0,20.0,9.0,9.0,11.0,14.0,26.0,0.35,True,True,8,4,2,2,6,20.0,/mnt/c/Users/Endri/Desktop/planetary-rover-experimental-study/experiments/generated_problems/battery_final_unseen/rover-battery-n2-mem-high-corr-low-seed-11.pddl,/mnt/c/Users/Endri/Desktop/planetary-rover-experimental-study/experiments/generated_problems/battery_final_unseen/rover-battery-n2-mem-high-corr-low-seed-11.json,/mnt/c/Users/Endri/Desktop/planetary-rover-experimental-study/experiments/raw_outputs/battery_final_unseen/rover-battery-n2-mem-high-corr-low-seed-11.txt,
rover-battery-n2-mem-high-corr-low-seed-12,battery,12,2,high,1.0,9.0,9.0,1.0,,2.0,4.0,3.3333333333333335,12.0,40,28.0,"[""moderate"", ""moderate""]","[{""from"": ""base"", ""to"": ""site1"", ""profile"": ""moderate"", ""travel_time"": 2.0, ""energy_cost"": 3.0}, {""from"": ""site1"", ""to"": ""site2"", ""profile"": ""moderate"", ""travel_time"": 2.0, ""energy_cost"": 3.0}]",low,2,0,True,"[5, 4]","[4, 3]","[14.0, 10.0]","[18.0, 14.0]",solved,True,sat-hadd,30.0,0.351034,0,29,15.0,15.0,8.0,8.0,7.0,12.0,28.0,0.3,True,True,8,4,2,2,6,15.0,/mnt/c/Users/Endri/Desktop/planetary-rover-experimental-study/experiments/generated_problems/battery_final_unseen/rover-battery-n2-mem-high-corr-low-seed-12.pddl,/mnt/c/Users/Endri/Desktop/planetary-rover-experimental-study/experiments/generated_problems/battery_final_unseen/rover-battery-n2-mem-high-corr-low-seed-12.json,/mnt/c/Users/Endri/Desktop/planetary-rover-experimental-study/experiments/raw_outputs/battery_final_unseen/rover-battery-n2-mem-high-corr-low-seed-12.txt,
rover-battery-n2-mem-high-corr-low-seed-13,battery,13,2,high,1.0,8.0,8.0,1.0,,2.25,4.5,2.857142857142857,14.0,40,26.0,"[""steep"", ""easy""]","[{""from"": ""base"", ""to"": ""site1"", ""profile"": ""steep"", ""travel_time"": 3.0, ""energy_cost"": 5.0}, {""from"": ""site1"", ""to"": ""site2"", ""profile"": ""easy"", ""travel_time"": 1.5, ""energy_cost"": 2.0}]",low,2,0,True,"[4, 4]","[3, 3]","[12.0, 14.0]","[15.0, 18.5]",solved,True,sat-hadd,30.0,0.352054,0,30,16.0,16.0,9.0,9.0,7.0,14.0,26.0,0.35,True,True,8,4,2,2,6,16.0,/mnt/c/Users/Endri/Desktop/planetary-rover-experimental-study/experiments/generated_problems/battery_final_unseen/rover-battery-n2-mem-high-corr-low-seed-13.pddl,/mnt/c/Users/Endri/Desktop/planetary-rover-experimental-study/experiments/generated_problems/battery_final_unseen/rover-battery-n2-mem-high-corr-low-seed-13.json,/mnt/c/Users/Endri/Desktop/planetary-rover-experimental-study/experiments/raw_outputs/battery_final_unseen/rover-battery-n2-mem-high-corr-low-seed-13.txt,
rover-battery-n2-mem-high-corr-low-seed-14,battery,14,2,high,1.0,8.0,8.0,1.0,,1.75,3.5,4.0,10.0,40,30.0,"[""moderate"", ""easy""]","[{""from"": ""base"", ""to"": ""site1"", ""profile"": ""moderate"", ""travel_time"": 2.0, ""energy_cost"": 3.0}, {""from"": ""site1"", ""to"": ""site2"", ""profile"": ""easy"", ""travel_time"": 1.5, ""energy_cost"": 2.0}]",low,2,0,True,"[2, 6]","[3, 4]","[14.0, 12.0]","[17.0, 16.0]",solved,True,sat-hadd,30.0,0.349653,0,29,15.0,15.0,7.0,7.0,8.0,10.0,30.0,0.25,True,True,8,4,2,2,6,15.0,/mnt/c/Users/Endri/Desktop/planetary-rover-experimental-study/experiments/generated_problems/battery_final_unseen/rover-battery-n2-mem-high-corr-low-seed-14.pddl,/mnt/c/Users/Endri/Desktop/planetary-rover-experimental-study/experiments/generated_problems/battery_final_unseen/rover-battery-n2-mem-high-corr-low-seed-14.json,/mnt/c/Users/Endri/Desktop/planetary-rover-experimental-study/experiments/raw_outputs/battery_final_unseen/rover-battery-n2-mem-high-corr-low-seed-14.txt,
rover-battery-n2-mem-high-corr-medium-seed-10,battery,10,2,high,1.0,8.0,8.0,1.0,,2.5,5.0,2.5,16.0,40,24.0,"[""moderate"", ""steep""]","[{""from"": ""base"", ""to"": ""site1"", ""profile"": ""moderate"", ""travel_time"": 2.0, ""energy_cost"": 3.0}, {""from"": ""site1"", ""to"": ""site2"", ""profile"": ""steep"", ""travel_time"": 3.0, ""energy_cost"": 5.0}]",medium,2,0,True,"[6, 2]","[5, 5]","[10.0, 10.0]","[15.0, 15.0]",solved,True,sat-hadd,30.0,0.369817,0,30,16.0,16.0,10.0,10.0,6.0,16.0,24.0,0.4,True,True,8,4,2,2,6,16.0,/mnt/c/Users/Endri/Desktop/planetary-rover-experimental-study/experiments/generated_problems/battery_final_unseen/rover-battery-n2-mem-high-corr-medium-seed-10.pddl,/mnt/c/Users/Endri/Desktop/planetary-rover-experimental-study/experiments/generated_problems/battery_final_unseen/rover-battery-n2-mem-high-corr-medium-seed-10.json,/mnt/c/Users/Endri/Desktop/planetary-rover-experimental-study/experiments/raw_outputs/battery_final_unseen/rover-battery-n2-mem-high-corr-medium-seed-10.txt,
rover-battery-n2-mem-high-corr-medium-seed-11,battery,11,2,high,1.0,11.0,11.0,1.0,,2.25,4.5,2.857142857142857,14.0,40,26.0,"[""steep"", ""easy""]","[{""from"": ""base"", ""to"": ""site1"", ""profile"": ""steep"", ""travel_time"": 3.0, ""energy_cost"": 5.0}, {""from"": ""site1"", ""to"": ""site2"", ""profile"": ""easy"", ""travel_time"": 1.5, ""energy_cost"": 2.0}]",medium,2,0,True,"[5, 6]","[5, 5]","[10.0, 8.0]","[15.0, 13.0]",solved,True,sat-hadd,30.0,0.383035,0,31,17.0,17.0,9.0,9.0,8.0,14.0,26.0,0.35,True,True,8,4,2,2,6,17.0,/mnt/c/Users/Endri/Desktop/planetary-rover-experimental-study/experiments/generated_problems/battery_final_unseen/rover-battery-n2-mem-high-corr-medium-seed-11.pddl,/mnt/c/Users/Endri/Desktop/planetary-rover-experimental-study/experiments/generated_problems/battery_final_unseen/rover-battery-n2-mem-high-corr-medium-seed-11.json,/mnt/c/Users/Endri/Desktop/planetary-rover-experimental-study/experiments/raw_outputs/battery_final_unseen/rover-battery-n2-mem-high-corr-medium-seed-11.txt,
rover-battery-n2-mem-high-corr-medium-seed-12,battery,12,2,high,1.0,9.0,9.0,1.0,,2.0,4.0,3.3333333333333335,12.0,40,28.0,"[""moderate"", ""moderate""]","[{""from"": ""base"", ""to"": ""site1"", ""profile"": ""moderate"", ""travel_time"": 2.0, ""energy_cost"": 3.0}, {""from"": ""site1"", ""to"": ""site2"", ""profile"": ""moderate"", ""travel_time"": 2.0, ""energy_cost"": 3.0}]",medium,2,0,True,"[5, 4]","[4, 3]","[10.0, 6.0]","[14.0, 10.0]",solved,True,sat-hadd,30.0,0.349975,0,29,15.0,15.0,8.0,8.0,7.0,12.0,28.0,0.3,True,True,8,4,2,2,6,15.0,/mnt/c/Users/Endri/Desktop/planetary-rover-experimental-study/experiments/generated_problems/battery_final_unseen/rover-battery-n2-mem-high-corr-medium-seed-12.pddl,/mnt/c/Users/Endri/Desktop/planetary-rover-experimental-study/experiments/generated_problems/battery_final_unseen/rover-battery-n2-mem-high-corr-medium-seed-12.json,/mnt/c/Users/Endri/Desktop/planetary-rover-experimental-study/experiments/raw_outputs/battery_final_unseen/rover-battery-n2-mem-high-corr-medium-seed-12.txt,
rover-battery-n2-mem-high-corr-medium-seed-13,battery,13,2,high,1.0,8.0,8.0,1.0,,2.25,4.5,2.857142857142857,14.0,40,26.0,"[""steep"", ""easy""]","[{""from"": ""base"", ""to"": ""site1"", ""profile"": ""steep"", ""travel_time"": 3.0, ""energy_cost"": 5.0}, {""from"": ""site1"", ""to"": ""site2"", ""profile"": ""easy"", ""travel_time"": 1.5, ""energy_cost"": 2.0}]",medium,2,0,True,"[4, 4]","[3, 3]","[8.0, 10.0]","[11.0, 14.5]",solved,True,sat-hadd,30.0,0.352937,0,27,13.0,13.0,9.0,9.0,4.0,14.0,26.0,0.35,True,True,8,4,2,2,5,13.0,/mnt/c/Users/Endri/Desktop/planetary-rover-experimental-study/experiments/generated_problems/battery_final_unseen/rover-battery-n2-mem-high-corr-medium-seed-13.pddl,/mnt/c/Users/Endri/Desktop/planetary-rover-experimental-study/experiments/generated_problems/battery_final_unseen/rover-battery-n2-mem-high-corr-medium-seed-13.json,/mnt/c/Users/Endri/Desktop/planetary-rover-experimental-study/experiments/raw_outputs/battery_final_unseen/rover-battery-n2-mem-high-corr-medium-seed-13.txt,
rover-battery-n2-mem-high-corr-medium-seed-14,battery,14,2,high,1.0,8.0,8.0,1.0,,1.75,3.5,4.0,10.0,40,30.0,"[""moderate"", ""easy""]","[{""from"": ""base"", ""to"": ""site1"", ""profile"": ""moderate"", ""travel_time"": 2.0, ""energy_cost"": 3.0}, {""from"": ""site1"", ""to"": ""site2"", ""profile"": ""easy"", ""travel_time"": 1.5, ""energy_cost"": 2.0}]",medium,2,0,True,"[2, 6]","[3, 4]","[10.0, 8.0]","[13.0, 12.0]",solved,True,sat-hadd,30.0,0.357105,0,28,14.0,14.0,7.0,7.0,7.0,10.0,30.0,0.25,True,True,8,4,2,2,6,14.0,/mnt/c/Users/Endri/Desktop/planetary-rover-experimental-study/experiments/generated_problems/battery_final_unseen/rover-battery-n2-mem-high-corr-medium-seed-14.pddl,/mnt/c/Users/Endri/Desktop/planetary-rover-experimental-study/experiments/generated_problems/battery_final_unseen/rover-battery-n2-mem-high-corr-medium-seed-14.json,/mnt/c/Users/Endri/Desktop/planetary-rover-experimental-study/experiments/raw_outputs/battery_final_unseen/rover-battery-n2-mem-high-corr-medium-seed-14.txt,
rover-battery-n2-mem-high-corr-high-seed-10,battery,10,2,high,1.0,8.0,8.0,1.0,,2.5,5.0,2.5,16.0,40,24.0,"[""moderate"", ""steep""]","[{""from"": ""base"", ""to"": ""site1"", ""profile"": ""moderate"", ""travel_time"": 2.0, ""energy_cost"": 3.0}, {""from"": ""site1"", ""to"": ""site2"", ""profile"": ""steep"", ""travel_time"": 3.0, ""energy_cost"": 5.0}]",high,2,0,True,"[6, 2]","[5, 5]","[5.0, 5.0]","[10.0, 10.0]",solved,True,sat-hadd,30.0,0.386368,0,25,11.0,11.0,10.0,10.0,1.0,16.0,24.0,0.4,True,True,8,4,2,2,5,11.0,/mnt/c/Users/Endri/Desktop/planetary-rover-experimental-study/experiments/generated_problems/battery_final_unseen/rover-battery-n2-mem-high-corr-high-seed-10.pddl,/mnt/c/Users/Endri/Desktop/planetary-rover-experimental-study/experiments/generated_problems/battery_final_unseen/rover-battery-n2-mem-high-corr-high-seed-10.json,/mnt/c/Users/Endri/Desktop/planetary-rover-experimental-study/experiments/raw_outputs/battery_final_unseen/rover-battery-n2-mem-high-corr-high-seed-10.txt,
rover-battery-n2-mem-high-corr-high-seed-11,battery,11,2,high,1.0,11.0,11.0,1.0,,2.25,4.5,2.857142857142857,14.0,40,26.0,"[""steep"", ""easy""]","[{""from"": ""base"", ""to"": ""site1"", ""profile"": ""steep"", ""travel_time"": 3.0, ""energy_cost"": 5.0}, {""from"": ""site1"", ""to"": ""site2"", ""profile"": ""easy"", ""travel_time"": 1.5, ""energy_cost"": 2.0}]",high,2,0,True,"[5, 6]","[5, 5]","[5.0, 4.0]","[10.0, 9.0]",solved,True,sat-hadd,30.0,0.391529,0,26,12.0,12.0,9.0,9.0,3.0,14.0,26.0,0.35,True,True,8,4,2,2,5,12.0,/mnt/c/Users/Endri/Desktop/planetary-rover-experimental-study/experiments/generated_problems/battery_final_unseen/rover-battery-n2-mem-high-corr-high-seed-11.pddl,/mnt/c/Users/Endri/Desktop/planetary-rover-experimental-study/experiments/generated_problems/battery_final_unseen/rover-battery-n2-mem-high-corr-high-seed-11.json,/mnt/c/Users/Endri/Desktop/planetary-rover-experimental-study/experiments/raw_outputs/battery_final_unseen/rover-battery-n2-mem-high-corr-high-seed-11.txt,
rover-battery-n2-mem-high-corr-high-seed-12,battery,12,2,high,1.0,9.0,9.0,1.0,,2.0,4.0,3.3333333333333335,12.0,40,28.0,"[""moderate"", ""moderate""]","[{""from"": ""base"", ""to"": ""site1"", ""profile"": ""moderate"", ""travel_time"": 2.0, ""energy_cost"": 3.0}, {""from"": ""site1"", ""to"": ""site2"", ""profile"": ""moderate"", ""travel_time"": 2.0, ""energy_cost"": 3.0}]",high,2,0,True,"[5, 4]","[4, 3]","[5.0, 3.0]","[9.0, 7.0]",solved,True,sat-hadd,30.0,0.365363,0,24,10.0,10.0,8.0,8.0,2.0,12.0,28.0,0.3,True,True,8,4,2,2,5,10.0,/mnt/c/Users/Endri/Desktop/planetary-rover-experimental-study/experiments/generated_problems/battery_final_unseen/rover-battery-n2-mem-high-corr-high-seed-12.pddl,/mnt/c/Users/Endri/Desktop/planetary-rover-experimental-study/experiments/generated_problems/battery_final_unseen/rover-battery-n2-mem-high-corr-high-seed-12.json,/mnt/c/Users/Endri/Desktop/planetary-rover-experimental-study/experiments/raw_outputs/battery_final_unseen/rover-battery-n2-mem-high-corr-high-seed-12.txt,
rover-battery-n2-mem-high-corr-high-seed-13,battery,13,2,high,1.0,8.0,8.0,1.0,,2.25,4.5,2.857142857142857,14.0,40,26.0,"[""steep"", ""easy""]","[{""from"": ""base"", ""to"": ""site1"", ""profile"": ""steep"", ""travel_time"": 3.0, ""energy_cost"": 5.0}, {""from"": ""site1"", ""to"": ""site2"", ""profile"": ""easy"", ""travel_time"": 1.5, ""energy_cost"": 2.0}]",high,2,0,True,"[4, 4]","[3, 3]","[4.0, 5.0]","[7.0, 9.5]",solved,True,sat-hadd,30.0,0.373632,0,24,10.0,10.0,9.0,9.0,1.0,14.0,26.0,0.35,True,True,8,4,2,2,4,10.0,/mnt/c/Users/Endri/Desktop/planetary-rover-experimental-study/experiments/generated_problems/battery_final_unseen/rover-battery-n2-mem-high-corr-high-seed-13.pddl,/mnt/c/Users/Endri/Desktop/planetary-rover-experimental-study/experiments/generated_problems/battery_final_unseen/rover-battery-n2-mem-high-corr-high-seed-13.json,/mnt/c/Users/Endri/Desktop/planetary-rover-experimental-study/experiments/raw_outputs/battery_final_unseen/rover-battery-n2-mem-high-corr-high-seed-13.txt,
rover-battery-n2-mem-high-corr-high-seed-14,battery,14,2,high,1.0,8.0,8.0,1.0,,1.75,3.5,4.0,10.0,40,30.0,"[""moderate"", ""easy""]","[{""from"": ""base"", ""to"": ""site1"", ""profile"": ""moderate"", ""travel_time"": 2.0, ""energy_cost"": 3.0}, {""from"": ""site1"", ""to"": ""site2"", ""profile"": ""easy"", ""travel_time"": 1.5, ""energy_cost"": 2.0}]",high,2,0,True,"[2, 6]","[3, 4]","[5.0, 4.0]","[8.0, 8.0]",solved,True,sat-hadd,30.0,0.372726,0,23,9.0,9.0,7.0,7.0,2.0,10.0,30.0,0.25,True,True,8,4,2,2,5,9.0,/mnt/c/Users/Endri/Desktop/planetary-rover-experimental-study/experiments/generated_problems/battery_final_unseen/rover-battery-n2-mem-high-corr-high-seed-14.pddl,/mnt/c/Users/Endri/Desktop/planetary-rover-experimental-study/experiments/generated_problems/battery_final_unseen/rover-battery-n2-mem-high-corr-high-seed-14.json,/mnt/c/Users/Endri/Desktop/planetary-rover-experimental-study/experiments/raw_outputs/battery_final_unseen/rover-battery-n2-mem-high-corr-high-seed-14.txt,
rover-battery-n3-mem-low-corr-low-seed-10,battery,10,3,low,0.45,6.0,13.0,2.166667,,2.5,7.5,1.6666666666666667,24.0,40,16.0,"[""moderate"", ""steep"", ""rocky""]","[{""from"": ""base"", ""to"": ""site1"", ""profile"": ""moderate"", ""travel_time"": 2.0, ""energy_cost"": 3.0}, {""from"": ""site1"", ""to"": ""site2"", ""profile"": ""steep"", ""travel_time"": 3.0, ""energy_cost"": 5.0}, {""from"": ""site2"", ""to"": ""site3"", ""profile"": ""rocky"", ""travel_time"": 2.5, ""energy_cost"": 4.0}]",low,3,0,True,"[6, 2, 5]","[5, 2, 3]","[14.0, 14.0, 14.0]","[19.0, 19.0, 21.5]",unsolvable,False,sat-hadd,30.0,2.927591,0,,,,,,,,,,,,0,0,0,0,0,0,/mnt/c/Users/Endri/Desktop/planetary-rover-experimental-study/experiments/generated_problems/battery_final_unseen/rover-battery-n3-mem-low-corr-low-seed-10.pddl,/mnt/c/Users/Endri/Desktop/planetary-rover-experimental-study/experiments/generated_problems/battery_final_unseen/rover-battery-n3-mem-low-corr-low-seed-10.json,/mnt/c/Users/Endri/Desktop/planetary-rover-experimental-study/experiments/raw_outputs/battery_final_unseen/rover-battery-n3-mem-low-corr-low-seed-10.txt,
rover-battery-n3-mem-low-corr-low-seed-11,battery,11,3,low,0.45,8.0,16.0,2.0,,2.3333333333333335,7.0,1.8181818181818181,22.0,40,18.0,"[""steep"", ""easy"", ""rocky""]","[{""from"": ""base"", ""to"": ""site1"", ""profile"": ""steep"", ""travel_time"": 3.0, ""energy_cost"": 5.0}, {""from"": ""site1"", ""to"": ""site2"", ""profile"": ""easy"", ""travel_time"": 1.5, ""energy_cost"": 2.0}, {""from"": ""site2"", ""to"": ""site3"", ""profile"": ""rocky"", ""travel_time"": 2.5, ""energy_cost"": 4.0}]",low,3,0,True,"[5, 6, 5]","[5, 3, 3]","[14.0, 12.0, 10.0]","[19.0, 16.5, 17.0]",unsolvable,False,sat-hadd,30.0,2.686616,0,,,,,,,,,,,,0,0,0,0,0,0,/mnt/c/Users/Endri/Desktop/planetary-rover-experimental-study/experiments/generated_problems/battery_final_unseen/rover-battery-n3-mem-low-corr-low-seed-11.pddl,/mnt/c/Users/Endri/Desktop/planetary-rover-experimental-study/experiments/generated_problems/battery_final_unseen/rover-battery-n3-mem-low-corr-low-seed-11.json,/mnt/c/Users/Endri/Desktop/planetary-rover-experimental-study/experiments/raw_outputs/battery_final_unseen/rover-battery-n3-mem-low-corr-low-seed-11.txt,
rover-battery-n3-mem-low-corr-low-seed-12,battery,12,3,low,0.45,7.0,15.0,2.142857,,1.8333333333333333,5.5,2.5,16.0,40,24.0,"[""moderate"", ""moderate"", ""easy""]","[{""from"": ""base"", ""to"": ""site1"", ""profile"": ""moderate"", ""travel_time"": 2.0, ""energy_cost"": 3.0}, {""from"": ""site1"", ""to"": ""site2"", ""profile"": ""moderate"", ""travel_time"": 2.0, ""energy_cost"": 3.0}, {""from"": ""site2"", ""to"": ""site3"", ""profile"": ""easy"", ""travel_time"": 1.5, ""energy_cost"": 2.0}]",low,3,0,True,"[5, 4, 6]","[4, 3, 5]","[14.0, 10.0, 10.0]","[18.0, 14.0, 15.5]",solved,True,sat-hadd,30.0,0.535072,0,73,40.0,40.0,23.0,23.0,17.0,34.0,6.0,0.85,True,True,18,12,3,3,15,40.0,/mnt/c/Users/Endri/Desktop/planetary-rover-experimental-study/experiments/generated_problems/battery_final_unseen/rover-battery-n3-mem-low-corr-low-seed-12.pddl,/mnt/c/Users/Endri/Desktop/planetary-rover-experimental-study/experiments/generated_problems/battery_final_unseen/rover-battery-n3-mem-low-corr-low-seed-12.json,/mnt/c/Users/Endri/Desktop/planetary-rover-experimental-study/experiments/raw_outputs/battery_final_unseen/rover-battery-n3-mem-low-corr-low-seed-12.txt,
rover-battery-n3-mem-low-corr-low-seed-13,battery,13,3,low,0.45,5.0,11.0,2.2,,2.1666666666666665,6.5,2.0,20.0,40,20.0,"[""steep"", ""easy"", ""moderate""]","[{""from"": ""base"", ""to"": ""site1"", ""profile"": ""steep"", ""travel_time"": 3.0, ""energy_cost"": 5.0}, {""from"": ""site1"", ""to"": ""site2"", ""profile"": ""easy"", ""travel_time"": 1.5, ""energy_cost"": 2.0}, {""from"": ""site2"", ""to"": ""site3"", ""profile"": ""moderate"", ""travel_time"": 2.0, ""energy_cost"": 3.0}]",low,3,0,True,"[4, 4, 3]","[3, 3, 3]","[12.0, 14.0, 10.0]","[15.0, 18.5, 16.5]",unsolvable,False,sat-hadd,30.0,3.43856,0,,,,,,,,,,,,0,0,0,0,0,0,/mnt/c/Users/Endri/Desktop/planetary-rover-experimental-study/experiments/generated_problems/battery_final_unseen/rover-battery-n3-mem-low-corr-low-seed-13.pddl,/mnt/c/Users/Endri/Desktop/planetary-rover-experimental-study/experiments/generated_problems/battery_final_unseen/rover-battery-n3-mem-low-corr-low-seed-13.json,/mnt/c/Users/Endri/Desktop/planetary-rover-experimental-study/experiments/raw_outputs/battery_final_unseen/rover-battery-n3-mem-low-corr-low-seed-13.txt,
rover-battery-n3-mem-low-corr-low-seed-14,battery,14,3,low,0.45,7.0,14.0,2.0,,2.0,6.0,2.2222222222222223,18.0,40,22.0,"[""moderate"", ""easy"", ""rocky""]","[{""from"": ""base"", ""to"": ""site1"", ""profile"": ""moderate"", ""travel_time"": 2.0, ""energy_cost"": 3.0}, {""from"": ""site1"", ""to"": ""site2"", ""profile"": ""easy"", ""travel_time"": 1.5, ""energy_cost"": 2.0}, {""from"": ""site2"", ""to"": ""site3"", ""profile"": ""rocky"", ""travel_time"": 2.5, ""energy_cost"": 4.0}]",low,3,0,True,"[2, 6, 6]","[3, 4, 4]","[14.0, 12.0, 14.0]","[17.0, 16.0, 20.0]",solved,True,sat-hadd,30.0,0.656288,0,74,41.0,41.0,23.0,23.0,18.0,34.0,6.0,0.85,True,True,18,12,3,3,15,41.0,/mnt/c/Users/Endri/Desktop/planetary-rover-experimental-study/experiments/generated_problems/battery_final_unseen/rover-battery-n3-mem-low-corr-low-seed-14.pddl,/mnt/c/Users/Endri/Desktop/planetary-rover-experimental-study/experiments/generated_problems/battery_final_unseen/rover-battery-n3-mem-low-corr-low-seed-14.json,/mnt/c/Users/Endri/Desktop/planetary-rover-experimental-study/experiments/raw_outputs/battery_final_unseen/rover-battery-n3-mem-low-corr-low-seed-14.txt,
rover-battery-n3-mem-low-corr-medium-seed-10,battery,10,3,low,0.45,6.0,13.0,2.166667,,2.5,7.5,1.6666666666666667,24.0,40,16.0,"[""moderate"", ""steep"", ""rocky""]","[{""from"": ""base"", ""to"": ""site1"", ""profile"": ""moderate"", ""travel_time"": 2.0, ""energy_cost"": 3.0}, {""from"": ""site1"", ""to"": ""site2"", ""profile"": ""steep"", ""travel_time"": 3.0, ""energy_cost"": 5.0}, {""from"": ""site2"", ""to"": ""site3"", ""profile"": ""rocky"", ""travel_time"": 2.5, ""energy_cost"": 4.0}]",medium,3,0,True,"[6, 2, 5]","[5, 2, 3]","[10.0, 10.0, 10.0]","[15.0, 15.0, 17.5]",unsolvable,False,sat-hadd,30.0,1.858352,0,,,,,,,,,,,,0,0,0,0,0,0,/mnt/c/Users/Endri/Desktop/planetary-rover-experimental-study/experiments/generated_problems/battery_final_unseen/rover-battery-n3-mem-low-corr-medium-seed-10.pddl,/mnt/c/Users/Endri/Desktop/planetary-rover-experimental-study/experiments/generated_problems/battery_final_unseen/rover-battery-n3-mem-low-corr-medium-seed-10.json,/mnt/c/Users/Endri/Desktop/planetary-rover-experimental-study/experiments/raw_outputs/battery_final_unseen/rover-battery-n3-mem-low-corr-medium-seed-10.txt,
rover-battery-n3-mem-low-corr-medium-seed-11,battery,11,3,low,0.45,8.0,16.0,2.0,,2.3333333333333335,7.0,1.8181818181818181,22.0,40,18.0,"[""steep"", ""easy"", ""rocky""]","[{""from"": ""base"", ""to"": ""site1"", ""profile"": ""steep"", ""travel_time"": 3.0, ""energy_cost"": 5.0}, {""from"": ""site1"", ""to"": ""site2"", ""profile"": ""easy"", ""travel_time"": 1.5, ""energy_cost"": 2.0}, {""from"": ""site2"", ""to"": ""site3"", ""profile"": ""rocky"", ""travel_time"": 2.5, ""energy_cost"": 4.0}]",medium,3,0,True,"[5, 6, 5]","[5, 3, 3]","[10.0, 8.0, 6.0]","[15.0, 12.5, 13.0]",unsolvable,False,sat-hadd,30.0,1.599192,0,,,,,,,,,,,,0,0,0,0,0,0,/mnt/c/Users/Endri/Desktop/planetary-rover-experimental-study/experiments/generated_problems/battery_final_unseen/rover-battery-n3-mem-low-corr-medium-seed-11.pddl,/mnt/c/Users/Endri/Desktop/planetary-rover-experimental-study/experiments/generated_problems/battery_final_unseen/rover-battery-n3-mem-low-corr-medium-seed-11.json,/mnt/c/Users/Endri/Desktop/planetary-rover-experimental-study/experiments/raw_outputs/battery_final_unseen/rover-battery-n3-mem-low-corr-medium-seed-11.txt,
rover-battery-n3-mem-low-corr-medium-seed-12,battery,12,3,low,0.45,7.0,15.0,2.142857,,1.8333333333333333,5.5,2.5,16.0,40,24.0,"[""moderate"", ""moderate"", ""easy""]","[{""from"": ""base"", ""to"": ""site1"", ""profile"": ""moderate"", ""travel_time"": 2.0, ""energy_cost"": 3.0}, {""from"": ""site1"", ""to"": ""site2"", ""profile"": ""moderate"", ""travel_time"": 2.0, ""energy_cost"": 3.0}, {""from"": ""site2"", ""to"": ""site3"", ""profile"": ""easy"", ""travel_time"": 1.5, ""energy_cost"": 2.0}]",medium,3,0,True,"[5, 4, 6]","[4, 3, 5]","[10.0, 6.0, 6.0]","[14.0, 10.0, 11.5]",solved,True,sat-hadd,30.0,0.534489,0,69,36.0,36.0,23.0,23.0,13.0,34.0,6.0,0.85,True,True,18,12,3,3,15,36.0,/mnt/c/Users/Endri/Desktop/planetary-rover-experimental-study/experiments/generated_problems/battery_final_unseen/rover-battery-n3-mem-low-corr-medium-seed-12.pddl,/mnt/c/Users/Endri/Desktop/planetary-rover-experimental-study/experiments/generated_problems/battery_final_unseen/rover-battery-n3-mem-low-corr-medium-seed-12.json,/mnt/c/Users/Endri/Desktop/planetary-rover-experimental-study/experiments/raw_outputs/battery_final_unseen/rover-battery-n3-mem-low-corr-medium-seed-12.txt,
rover-battery-n3-mem-low-corr-medium-seed-13,battery,13,3,low,0.45,5.0,11.0,2.2,,2.1666666666666665,6.5,2.0,20.0,40,20.0,"[""steep"", ""easy"", ""moderate""]","[{""from"": ""base"", ""to"": ""site1"", ""profile"": ""steep"", ""travel_time"": 3.0, ""energy_cost"": 5.0}, {""from"": ""site1"", ""to"": ""site2"", ""profile"": ""easy"", ""travel_time"": 1.5, ""energy_cost"": 2.0}, {""from"": ""site2"", ""to"": ""site3"", ""profile"": ""moderate"", ""travel_time"": 2.0, ""energy_cost"": 3.0}]",medium,3,0,True,"[4, 4, 3]","[3, 3, 3]","[8.0, 10.0, 6.0]","[11.0, 14.5, 12.5]",unsolvable,False,sat-hadd,30.0,2.131776,0,,,,,,,,,,,,0,0,0,0,0,0,/mnt/c/Users/Endri/Desktop/planetary-rover-experimental-study/experiments/generated_problems/battery_final_unseen/rover-battery-n3-mem-low-corr-medium-seed-13.pddl,/mnt/c/Users/Endri/Desktop/planetary-rover-experimental-study/experiments/generated_problems/battery_final_unseen/rover-battery-n3-mem-low-corr-medium-seed-13.json,/mnt/c/Users/Endri/Desktop/planetary-rover-experimental-study/experiments/raw_outputs/battery_final_unseen/rover-battery-n3-mem-low-corr-medium-seed-13.txt,
rover-battery-n3-mem-low-corr-medium-seed-14,battery,14,3,low,0.45,7.0,14.0,2.0,,2.0,6.0,2.2222222222222223,18.0,40,22.0,"[""moderate"", ""easy"", ""rocky""]","[{""from"": ""base"", ""to"": ""site1"", ""profile"": ""moderate"", ""travel_time"": 2.0, ""energy_cost"": 3.0}, {""from"": ""site1"", ""to"": ""site2"", ""profile"": ""easy"", ""travel_time"": 1.5, ""energy_cost"": 2.0}, {""from"": ""site2"", ""to"": ""site3"", ""profile"": ""rocky"", ""travel_time"": 2.5, ""energy_cost"": 4.0}]",medium,3,0,True,"[2, 6, 6]","[3, 4, 4]","[10.0, 8.0, 10.0]","[13.0, 12.0, 16.0]",solved,True,sat-hadd,30.0,0.631007,0,70,37.0,37.0,23.0,23.0,14.0,34.0,6.0,0.85,True,True,18,12,3,3,15,37.0,/mnt/c/Users/Endri/Desktop/planetary-rover-experimental-study/experiments/generated_problems/battery_final_unseen/rover-battery-n3-mem-low-corr-medium-seed-14.pddl,/mnt/c/Users/Endri/Desktop/planetary-rover-experimental-study/experiments/generated_problems/battery_final_unseen/rover-battery-n3-mem-low-corr-medium-seed-14.json,/mnt/c/Users/Endri/Desktop/planetary-rover-experimental-study/experiments/raw_outputs/battery_final_unseen/rover-battery-n3-mem-low-corr-medium-seed-14.txt,
rover-battery-n3-mem-low-corr-high-seed-10,battery,10,3,low,0.45,6.0,13.0,2.166667,,2.5,7.5,1.6666666666666667,24.0,40,16.0,"[""moderate"", ""steep"", ""rocky""]","[{""from"": ""base"", ""to"": ""site1"", ""profile"": ""moderate"", ""travel_time"": 2.0, ""energy_cost"": 3.0}, {""from"": ""site1"", ""to"": ""site2"", ""profile"": ""steep"", ""travel_time"": 3.0, ""energy_cost"": 5.0}, {""from"": ""site2"", ""to"": ""site3"", ""profile"": ""rocky"", ""travel_time"": 2.5, ""energy_cost"": 4.0}]",high,3,0,True,"[6, 2, 5]","[5, 2, 3]","[5.0, 5.0, 5.0]","[10.0, 10.0, 12.5]",unsolvable,False,sat-hadd,30.0,1.003383,0,,,,,,,,,,,,0,0,0,0,0,0,/mnt/c/Users/Endri/Desktop/planetary-rover-experimental-study/experiments/generated_problems/battery_final_unseen/rover-battery-n3-mem-low-corr-high-seed-10.pddl,/mnt/c/Users/Endri/Desktop/planetary-rover-experimental-study/experiments/generated_problems/battery_final_unseen/rover-battery-n3-mem-low-corr-high-seed-10.json,/mnt/c/Users/Endri/Desktop/planetary-rover-experimental-study/experiments/raw_outputs/battery_final_unseen/rover-battery-n3-mem-low-corr-high-seed-10.txt,
rover-battery-n3-mem-low-corr-high-seed-11,battery,11,3,low,0.45,8.0,16.0,2.0,,2.3333333333333335,7.0,1.8181818181818181,22.0,40,18.0,"[""steep"", ""easy"", ""rocky""]","[{""from"": ""base"", ""to"": ""site1"", ""profile"": ""steep"", ""travel_time"": 3.0, ""energy_cost"": 5.0}, {""from"": ""site1"", ""to"": ""site2"", ""profile"": ""easy"", ""travel_time"": 1.5, ""energy_cost"": 2.0}, {""from"": ""site2"", ""to"": ""site3"", ""profile"": ""rocky"", ""travel_time"": 2.5, ""energy_cost"": 4.0}]",high,3,0,True,"[5, 6, 5]","[5, 3, 3]","[5.0, 4.0, 3.0]","[10.0, 8.5, 10.0]",unsolvable,False,sat-hadd,30.0,1.036769,0,,,,,,,,,,,,0,0,0,0,0,0,/mnt/c/Users/Endri/Desktop/planetary-rover-experimental-study/experiments/generated_problems/battery_final_unseen/rover-battery-n3-mem-low-corr-high-seed-11.pddl,/mnt/c/Users/Endri/Desktop/planetary-rover-experimental-study/experiments/generated_problems/battery_final_unseen/rover-battery-n3-mem-low-corr-high-seed-11.json,/mnt/c/Users/Endri/Desktop/planetary-rover-experimental-study/experiments/raw_outputs/battery_final_unseen/rover-battery-n3-mem-low-corr-high-seed-11.txt,
rover-battery-n3-mem-low-corr-high-seed-12,battery,12,3,low,0.45,7.0,15.0,2.142857,,1.8333333333333333,5.5,2.5,16.0,40,24.0,"[""moderate"", ""moderate"", ""easy""]","[{""from"": ""base"", ""to"": ""site1"", ""profile"": ""moderate"", ""travel_time"": 2.0, ""energy_cost"": 3.0}, {""from"": ""site1"", ""to"": ""site2"", ""profile"": ""moderate"", ""travel_time"": 2.0, ""energy_cost"": 3.0}, {""from"": ""site2"", ""to"": ""site3"", ""profile"": ""easy"", ""travel_time"": 1.5, ""energy_cost"": 2.0}]",high,3,0,True,"[5, 4, 6]","[4, 3, 5]","[5.0, 3.0, 3.0]","[9.0, 7.0, 8.5]",solved,True,sat-hadd,30.0,0.461261,0,64,31.0,31.0,23.0,23.0,8.0,34.0,6.0,0.85,True,True,18,12,3,3,15,31.0,/mnt/c/Users/Endri/Desktop/planetary-rover-experimental-study/experiments/generated_problems/battery_final_unseen/rover-battery-n3-mem-low-corr-high-seed-12.pddl,/mnt/c/Users/Endri/Desktop/planetary-rover-experimental-study/experiments/generated_problems/battery_final_unseen/rover-battery-n3-mem-low-corr-high-seed-12.json,/mnt/c/Users/Endri/Desktop/planetary-rover-experimental-study/experiments/raw_outputs/battery_final_unseen/rover-battery-n3-mem-low-corr-high-seed-12.txt,
rover-battery-n3-mem-low-corr-high-seed-13,battery,13,3,low,0.45,5.0,11.0,2.2,,2.1666666666666665,6.5,2.0,20.0,40,20.0,"[""steep"", ""easy"", ""moderate""]","[{""from"": ""base"", ""to"": ""site1"", ""profile"": ""steep"", ""travel_time"": 3.0, ""energy_cost"": 5.0}, {""from"": ""site1"", ""to"": ""site2"", ""profile"": ""easy"", ""travel_time"": 1.5, ""energy_cost"": 2.0}, {""from"": ""site2"", ""to"": ""site3"", ""profile"": ""moderate"", ""travel_time"": 2.0, ""energy_cost"": 3.0}]",high,3,0,True,"[4, 4, 3]","[3, 3, 3]","[4.0, 5.0, 3.0]","[7.0, 9.5, 9.5]",unsolvable,False,sat-hadd,30.0,1.072317,0,,,,,,,,,,,,0,0,0,0,0,0,/mnt/c/Users/Endri/Desktop/planetary-rover-experimental-study/experiments/generated_problems/battery_final_unseen/rover-battery-n3-mem-low-corr-high-seed-13.pddl,/mnt/c/Users/Endri/Desktop/planetary-rover-experimental-study/experiments/generated_problems/battery_final_unseen/rover-battery-n3-mem-low-corr-high-seed-13.json,/mnt/c/Users/Endri/Desktop/planetary-rover-experimental-study/experiments/raw_outputs/battery_final_unseen/rover-battery-n3-mem-low-corr-high-seed-13.txt,
rover-battery-n3-mem-low-corr-high-seed-14,battery,14,3,low,0.45,7.0,14.0,2.0,,2.0,6.0,2.2222222222222223,18.0,40,22.0,"[""moderate"", ""easy"", ""rocky""]","[{""from"": ""base"", ""to"": ""site1"", ""profile"": ""moderate"", ""travel_time"": 2.0, ""energy_cost"": 3.0}, {""from"": ""site1"", ""to"": ""site2"", ""profile"": ""easy"", ""travel_time"": 1.5, ""energy_cost"": 2.0}, {""from"": ""site2"", ""to"": ""site3"", ""profile"": ""rocky"", ""travel_time"": 2.5, ""energy_cost"": 4.0}]",high,3,0,True,"[2, 6, 6]","[3, 4, 4]","[5.0, 4.0, 5.0]","[8.0, 8.0, 11.0]",solved,True,sat-hadd,30.0,0.577149,0,67,34.0,34.0,23.0,23.0,11.0,34.0,6.0,0.85,True,True,18,12,3,3,15,34.0,/mnt/c/Users/Endri/Desktop/planetary-rover-experimental-study/experiments/generated_problems/battery_final_unseen/rover-battery-n3-mem-low-corr-high-seed-14.pddl,/mnt/c/Users/Endri/Desktop/planetary-rover-experimental-study/experiments/generated_problems/battery_final_unseen/rover-battery-n3-mem-low-corr-high-seed-14.json,/mnt/c/Users/Endri/Desktop/planetary-rover-experimental-study/experiments/raw_outputs/battery_final_unseen/rover-battery-n3-mem-low-corr-high-seed-14.txt,
rover-battery-n3-mem-medium-corr-low-seed-10,battery,10,3,medium,0.7,10.0,13.0,1.3,,2.5,7.5,1.6666666666666667,24.0,40,16.0,"[""moderate"", ""steep"", ""rocky""]","[{""from"": ""base"", ""to"": ""site1"", ""profile"": ""moderate"", ""travel_time"": 2.0, ""energy_cost"": 3.0}, {""from"": ""site1"", ""to"": ""site2"", ""profile"": ""steep"", ""travel_time"": 3.0, ""energy_cost"": 5.0}, {""from"": ""site2"", ""to"": ""site3"", ""profile"": ""rocky"", ""travel_time"": 2.5, ""energy_cost"": 4.0}]",low,3,0,True,"[6, 2, 5]","[5, 2, 3]","[14.0, 14.0, 14.0]","[19.0, 19.0, 21.5]",solved,True,sat-hadd,30.0,0.426327,0,68,39.0,39.0,25.0,25.0,14.0,40.0,0.0,1.0,True,True,16,10,3,3,12,39.0,/mnt/c/Users/Endri/Desktop/planetary-rover-experimental-study/experiments/generated_problems/battery_final_unseen/rover-battery-n3-mem-medium-corr-low-seed-10.pddl,/mnt/c/Users/Endri/Desktop/planetary-rover-experimental-study/experiments/generated_problems/battery_final_unseen/rover-battery-n3-mem-medium-corr-low-seed-10.json,/mnt/c/Users/Endri/Desktop/planetary-rover-experimental-study/experiments/raw_outputs/battery_final_unseen/rover-battery-n3-mem-medium-corr-low-seed-10.txt,
rover-battery-n3-mem-medium-corr-low-seed-11,battery,11,3,medium,0.7,12.0,16.0,1.333333,,2.3333333333333335,7.0,1.8181818181818181,22.0,40,18.0,"[""steep"", ""easy"", ""rocky""]","[{""from"": ""base"", ""to"": ""site1"", ""profile"": ""steep"", ""travel_time"": 3.0, ""energy_cost"": 5.0}, {""from"": ""site1"", ""to"": ""site2"", ""profile"": ""easy"", ""travel_time"": 1.5, ""energy_cost"": 2.0}, {""from"": ""site2"", ""to"": ""site3"", ""profile"": ""rocky"", ""travel_time"": 2.5, ""energy_cost"": 4.0}]",low,3,0,True,"[5, 6, 5]","[5, 3, 3]","[14.0, 12.0, 10.0]","[19.0, 16.5, 17.0]",solved,True,sat-hadd,30.0,0.676613,0,69,40.0,40.0,23.0,23.0,17.0,36.0,4.0,0.9,True,True,16,10,3,3,12,40.0,/mnt/c/Users/Endri/Desktop/planetary-rover-experimental-study/experiments/generated_problems/battery_final_unseen/rover-battery-n3-mem-medium-corr-low-seed-11.pddl,/mnt/c/Users/Endri/Desktop/planetary-rover-experimental-study/experiments/generated_problems/battery_final_unseen/rover-battery-n3-mem-medium-corr-low-seed-11.json,/mnt/c/Users/Endri/Desktop/planetary-rover-experimental-study/experiments/raw_outputs/battery_final_unseen/rover-battery-n3-mem-medium-corr-low-seed-11.txt,
rover-battery-n3-mem-medium-corr-low-seed-12,battery,12,3,medium,0.7,11.0,15.0,1.363636,,1.8333333333333333,5.5,2.5,16.0,40,24.0,"[""moderate"", ""moderate"", ""easy""]","[{""from"": ""base"", ""to"": ""site1"", ""profile"": ""moderate"", ""travel_time"": 2.0, ""energy_cost"": 3.0}, {""from"": ""site1"", ""to"": ""site2"", ""profile"": ""moderate"", ""travel_time"": 2.0, ""energy_cost"": 3.0}, {""from"": ""site2"", ""to"": ""site3"", ""profile"": ""easy"", ""travel_time"": 1.5, ""energy_cost"": 2.0}]",low,3,0,True,"[5, 4, 6]","[4, 3, 5]","[14.0, 10.0, 10.0]","[18.0, 14.0, 15.5]",solved,True,sat-hadd,30.0,0.53286,0,59,30.0,30.0,19.0,19.0,11.0,28.0,12.0,0.7,True,True,16,10,3,3,12,30.0,/mnt/c/Users/Endri/Desktop/planetary-rover-experimental-study/experiments/generated_problems/battery_final_unseen/rover-battery-n3-mem-medium-corr-low-seed-12.pddl,/mnt/c/Users/Endri/Desktop/planetary-rover-experimental-study/experiments/generated_problems/battery_final_unseen/rover-battery-n3-mem-medium-corr-low-seed-12.json,/mnt/c/Users/Endri/Desktop/planetary-rover-experimental-study/experiments/raw_outputs/battery_final_unseen/rover-battery-n3-mem-medium-corr-low-seed-12.txt,
rover-battery-n3-mem-medium-corr-low-seed-13,battery,13,3,medium,0.7,8.0,11.0,1.375,,2.1666666666666665,6.5,2.0,20.0,40,20.0,"[""steep"", ""easy"", ""moderate""]","[{""from"": ""base"", ""to"": ""site1"", ""profile"": ""steep"", ""travel_time"": 3.0, ""energy_cost"": 5.0}, {""from"": ""site1"", ""to"": ""site2"", ""profile"": ""easy"", ""travel_time"": 1.5, ""energy_cost"": 2.0}, {""from"": ""site2"", ""to"": ""site3"", ""profile"": ""moderate"", ""travel_time"": 2.0, ""energy_cost"": 3.0}]",low,3,0,True,"[4, 4, 3]","[3, 3, 3]","[12.0, 14.0, 10.0]","[15.0, 18.5, 16.5]",solved,True,sat-hadd,30.0,0.587928,0,58,29.0,29.0,22.0,22.0,7.0,34.0,6.0,0.85,True,True,16,10,3,3,12,29.0,/mnt/c/Users/Endri/Desktop/planetary-rover-experimental-study/experiments/generated_problems/battery_final_unseen/rover-battery-n3-mem-medium-corr-low-seed-13.pddl,/mnt/c/Users/Endri/Desktop/planetary-rover-experimental-study/experiments/generated_problems/battery_final_unseen/rover-battery-n3-mem-medium-corr-low-seed-13.json,/mnt/c/Users/Endri/Desktop/planetary-rover-experimental-study/experiments/raw_outputs/battery_final_unseen/rover-battery-n3-mem-medium-corr-low-seed-13.txt,
rover-battery-n3-mem-medium-corr-low-seed-14,battery,14,3,medium,0.7,10.0,14.0,1.4,,2.0,6.0,2.2222222222222223,18.0,40,22.0,"[""moderate"", ""easy"", ""rocky""]","[{""from"": ""base"", ""to"": ""site1"", ""profile"": ""moderate"", ""travel_time"": 2.0, ""energy_cost"": 3.0}, {""from"": ""site1"", ""to"": ""site2"", ""profile"": ""easy"", ""travel_time"": 1.5, ""energy_cost"": 2.0}, {""from"": ""site2"", ""to"": ""site3"", ""profile"": ""rocky"", ""travel_time"": 2.5, ""energy_cost"": 4.0}]",low,3,0,True,"[2, 6, 6]","[3, 4, 4]","[14.0, 12.0, 14.0]","[17.0, 16.0, 20.0]",solved,True,sat-hadd,30.0,0.460885,0,64,35.0,35.0,19.0,19.0,16.0,28.0,12.0,0.7,True,True,16,10,3,3,12,35.0,/mnt/c/Users/Endri/Desktop/planetary-rover-experimental-study/experiments/generated_problems/battery_final_unseen/rover-battery-n3-mem-medium-corr-low-seed-14.pddl,/mnt/c/Users/Endri/Desktop/planetary-rover-experimental-study/experiments/generated_problems/battery_final_unseen/rover-battery-n3-mem-medium-corr-low-seed-14.json,/mnt/c/Users/Endri/Desktop/planetary-rover-experimental-study/experiments/raw_outputs/battery_final_unseen/rover-battery-n3-mem-medium-corr-low-seed-14.txt,
rover-battery-n3-mem-medium-corr-medium-seed-10,battery,10,3,medium,0.7,10.0,13.0,1.3,,2.5,7.5,1.6666666666666667,24.0,40,16.0,"[""moderate"", ""steep"", ""rocky""]","[{""from"": ""base"", ""to"": ""site1"", ""profile"": ""moderate"", ""travel_time"": 2.0, ""energy_cost"": 3.0}, {""from"": ""site1"", ""to"": ""site2"", ""profile"": ""steep"", ""travel_time"": 3.0, ""energy_cost"": 5.0}, {""from"": ""site2"", ""to"": ""site3"", ""profile"": ""rocky"", ""travel_time"": 2.5, ""energy_cost"": 4.0}]",medium,3,0,True,"[6, 2, 5]","[5, 2, 3]","[10.0, 10.0, 10.0]","[15.0, 15.0, 17.5]",solved,True,sat-hadd,30.0,0.420348,0,64,35.0,35.0,25.0,25.0,10.0,40.0,0.0,1.0,True,True,16,10,3,3,12,35.0,/mnt/c/Users/Endri/Desktop/planetary-rover-experimental-study/experiments/generated_problems/battery_final_unseen/rover-battery-n3-mem-medium-corr-medium-seed-10.pddl,/mnt/c/Users/Endri/Desktop/planetary-rover-experimental-study/experiments/generated_problems/battery_final_unseen/rover-battery-n3-mem-medium-corr-medium-seed-10.json,/mnt/c/Users/Endri/Desktop/planetary-rover-experimental-study/experiments/raw_outputs/battery_final_unseen/rover-battery-n3-mem-medium-corr-medium-seed-10.txt,
rover-battery-n3-mem-medium-corr-medium-seed-11,battery,11,3,medium,0.7,12.0,16.0,1.333333,,2.3333333333333335,7.0,1.8181818181818181,22.0,40,18.0,"[""steep"", ""easy"", ""rocky""]","[{""from"": ""base"", ""to"": ""site1"", ""profile"": ""steep"", ""travel_time"": 3.0, ""energy_cost"": 5.0}, {""from"": ""site1"", ""to"": ""site2"", ""profile"": ""easy"", ""travel_time"": 1.5, ""energy_cost"": 2.0}, {""from"": ""site2"", ""to"": ""site3"", ""profile"": ""rocky"", ""travel_time"": 2.5, ""energy_cost"": 4.0}]",medium,3,0,True,"[5, 6, 5]","[5, 3, 3]","[10.0, 8.0, 6.0]","[15.0, 12.5, 13.0]",solved,True,sat-hadd,30.0,0.604217,0,65,36.0,36.0,23.0,23.0,13.0,36.0,4.0,0.9,True,True,16,10,3,3,12,36.0,/mnt/c/Users/Endri/Desktop/planetary-rover-experimental-study/experiments/generated_problems/battery_final_unseen/rover-battery-n3-mem-medium-corr-medium-seed-11.pddl,/mnt/c/Users/Endri/Desktop/planetary-rover-experimental-study/experiments/generated_problems/battery_final_unseen/rover-battery-n3-mem-medium-corr-medium-seed-11.json,/mnt/c/Users/Endri/Desktop/planetary-rover-experimental-study/experiments/raw_outputs/battery_final_unseen/rover-battery-n3-mem-medium-corr-medium-seed-11.txt,
rover-battery-n3-mem-medium-corr-medium-seed-12,battery,12,3,medium,0.7,11.0,15.0,1.363636,,1.8333333333333333,5.5,2.5,16.0,40,24.0,"[""moderate"", ""moderate"", ""easy""]","[{""from"": ""base"", ""to"": ""site1"", ""profile"": ""moderate"", ""travel_time"": 2.0, ""energy_cost"": 3.0}, {""from"": ""site1"", ""to"": ""site2"", ""profile"": ""moderate"", ""travel_time"": 2.0, ""energy_cost"": 3.0}, {""from"": ""site2"", ""to"": ""site3"", ""profile"": ""easy"", ""travel_time"": 1.5, ""energy_cost"": 2.0}]",medium,3,0,True,"[5, 4, 6]","[4, 3, 5]","[10.0, 6.0, 6.0]","[14.0, 10.0, 11.5]",solved,True,sat-hadd,30.0,0.459137,0,55,26.0,26.0,19.0,19.0,7.0,28.0,12.0,0.7,True,True,16,10,3,3,12,26.0,/mnt/c/Users/Endri/Desktop/planetary-rover-experimental-study/experiments/generated_problems/battery_final_unseen/rover-battery-n3-mem-medium-corr-medium-seed-12.pddl,/mnt/c/Users/Endri/Desktop/planetary-rover-experimental-study/experiments/generated_problems/battery_final_unseen/rover-battery-n3-mem-medium-corr-medium-seed-12.json,/mnt/c/Users/Endri/Desktop/planetary-rover-experimental-study/experiments/raw_outputs/battery_final_unseen/rover-battery-n3-mem-medium-corr-medium-seed-12.txt,
rover-battery-n3-mem-medium-corr-medium-seed-13,battery,13,3,medium,0.7,8.0,11.0,1.375,,2.1666666666666665,6.5,2.0,20.0,40,20.0,"[""steep"", ""easy"", ""moderate""]","[{""from"": ""base"", ""to"": ""site1"", ""profile"": ""steep"", ""travel_time"": 3.0, ""energy_cost"": 5.0}, {""from"": ""site1"", ""to"": ""site2"", ""profile"": ""easy"", ""travel_time"": 1.5, ""energy_cost"": 2.0}, {""from"": ""site2"", ""to"": ""site3"", ""profile"": ""moderate"", ""travel_time"": 2.0, ""energy_cost"": 3.0}]",medium,3,0,True,"[4, 4, 3]","[3, 3, 3]","[8.0, 10.0, 6.0]","[11.0, 14.5, 12.5]",solved,True,sat-hadd,30.0,0.595582,0,65,36.0,36.0,22.0,22.0,14.0,34.0,6.0,0.85,True,True,16,10,3,3,13,36.0,/mnt/c/Users/Endri/Desktop/planetary-rover-experimental-study/experiments/generated_problems/battery_final_unseen/rover-battery-n3-mem-medium-corr-medium-seed-13.pddl,/mnt/c/Users/Endri/Desktop/planetary-rover-experimental-study/experiments/generated_problems/battery_final_unseen/rover-battery-n3-mem-medium-corr-medium-seed-13.json,/mnt/c/Users/Endri/Desktop/planetary-rover-experimental-study/experiments/raw_outputs/battery_final_unseen/rover-battery-n3-mem-medium-corr-medium-seed-13.txt,
rover-battery-n3-mem-medium-corr-medium-seed-14,battery,14,3,medium,0.7,10.0,14.0,1.4,,2.0,6.0,2.2222222222222223,18.0,40,22.0,"[""moderate"", ""easy"", ""rocky""]","[{""from"": ""base"", ""to"": ""site1"", ""profile"": ""moderate"", ""travel_time"": 2.0, ""energy_cost"": 3.0}, {""from"": ""site1"", ""to"": ""site2"", ""profile"": ""easy"", ""travel_time"": 1.5, ""energy_cost"": 2.0}, {""from"": ""site2"", ""to"": ""site3"", ""profile"": ""rocky"", ""travel_time"": 2.5, ""energy_cost"": 4.0}]",medium,3,0,True,"[2, 6, 6]","[3, 4, 4]","[10.0, 8.0, 10.0]","[13.0, 12.0, 16.0]",solved,True,sat-hadd,30.0,0.431974,0,60,31.0,31.0,19.0,19.0,12.0,28.0,12.0,0.7,True,True,16,10,3,3,12,31.0,/mnt/c/Users/Endri/Desktop/planetary-rover-experimental-study/experiments/generated_problems/battery_final_unseen/rover-battery-n3-mem-medium-corr-medium-seed-14.pddl,/mnt/c/Users/Endri/Desktop/planetary-rover-experimental-study/experiments/generated_problems/battery_final_unseen/rover-battery-n3-mem-medium-corr-medium-seed-14.json,/mnt/c/Users/Endri/Desktop/planetary-rover-experimental-study/experiments/raw_outputs/battery_final_unseen/rover-battery-n3-mem-medium-corr-medium-seed-14.txt,
rover-battery-n3-mem-medium-corr-high-seed-10,battery,10,3,medium,0.7,10.0,13.0,1.3,,2.5,7.5,1.6666666666666667,24.0,40,16.0,"[""moderate"", ""steep"", ""rocky""]","[{""from"": ""base"", ""to"": ""site1"", ""profile"": ""moderate"", ""travel_time"": 2.0, ""energy_cost"": 3.0}, {""from"": ""site1"", ""to"": ""site2"", ""profile"": ""steep"", ""travel_time"": 3.0, ""energy_cost"": 5.0}, {""from"": ""site2"", ""to"": ""site3"", ""profile"": ""rocky"", ""travel_time"": 2.5, ""energy_cost"": 4.0}]",high,3,0,True,"[6, 2, 5]","[5, 2, 3]","[5.0, 5.0, 5.0]","[10.0, 10.0, 12.5]",solved,True,sat-hadd,30.0,0.435792,0,59,30.0,30.0,25.0,25.0,5.0,40.0,0.0,1.0,True,True,16,10,3,3,12,30.0,/mnt/c/Users/Endri/Desktop/planetary-rover-experimental-study/experiments/generated_problems/battery_final_unseen/rover-battery-n3-mem-medium-corr-high-seed-10.pddl,/mnt/c/Users/Endri/Desktop/planetary-rover-experimental-study/experiments/generated_problems/battery_final_unseen/rover-battery-n3-mem-medium-corr-high-seed-10.json,/mnt/c/Users/Endri/Desktop/planetary-rover-experimental-study/experiments/raw_outputs/battery_final_unseen/rover-battery-n3-mem-medium-corr-high-seed-10.txt,
rover-battery-n3-mem-medium-corr-high-seed-11,battery,11,3,medium,0.7,12.0,16.0,1.333333,,2.3333333333333335,7.0,1.8181818181818181,22.0,40,18.0,"[""steep"", ""easy"", ""rocky""]","[{""from"": ""base"", ""to"": ""site1"", ""profile"": ""steep"", ""travel_time"": 3.0, ""energy_cost"": 5.0}, {""from"": ""site1"", ""to"": ""site2"", ""profile"": ""easy"", ""travel_time"": 1.5, ""energy_cost"": 2.0}, {""from"": ""site2"", ""to"": ""site3"", ""profile"": ""rocky"", ""travel_time"": 2.5, ""energy_cost"": 4.0}]",high,3,0,True,"[5, 6, 5]","[5, 3, 3]","[5.0, 4.0, 3.0]","[10.0, 8.5, 10.0]",solved,True,sat-hadd,30.0,0.450174,0,57,28.0,28.0,23.0,23.0,5.0,36.0,4.0,0.9,True,True,16,10,3,3,12,28.0,/mnt/c/Users/Endri/Desktop/planetary-rover-experimental-study/experiments/generated_problems/battery_final_unseen/rover-battery-n3-mem-medium-corr-high-seed-11.pddl,/mnt/c/Users/Endri/Desktop/planetary-rover-experimental-study/experiments/generated_problems/battery_final_unseen/rover-battery-n3-mem-medium-corr-high-seed-11.json,/mnt/c/Users/Endri/Desktop/planetary-rover-experimental-study/experiments/raw_outputs/battery_final_unseen/rover-battery-n3-mem-medium-corr-high-seed-11.txt,
rover-battery-n3-mem-medium-corr-high-seed-12,battery,12,3,medium,0.7,11.0,15.0,1.363636,,1.8333333333333333,5.5,2.5,16.0,40,24.0,"[""moderate"", ""moderate"", ""easy""]","[{""from"": ""base"", ""to"": ""site1"", ""profile"": ""moderate"", ""travel_time"": 2.0, ""energy_cost"": 3.0}, {""from"": ""site1"", ""to"": ""site2"", ""profile"": ""moderate"", ""travel_time"": 2.0, ""energy_cost"": 3.0}, {""from"": ""site2"", ""to"": ""site3"", ""profile"": ""easy"", ""travel_time"": 1.5, ""energy_cost"": 2.0}]",high,3,0,True,"[5, 4, 6]","[4, 3, 5]","[5.0, 3.0, 3.0]","[9.0, 7.0, 8.5]",solved,True,sat-hadd,30.0,0.423092,0,53,24.0,24.0,19.0,19.0,5.0,28.0,12.0,0.7,True,True,16,10,3,3,12,24.0,/mnt/c/Users/Endri/Desktop/planetary-rover-experimental-study/experiments/generated_problems/battery_final_unseen/rover-battery-n3-mem-medium-corr-high-seed-12.pddl,/mnt/c/Users/Endri/Desktop/planetary-rover-experimental-study/experiments/generated_problems/battery_final_unseen/rover-battery-n3-mem-medium-corr-high-seed-12.json,/mnt/c/Users/Endri/Desktop/planetary-rover-experimental-study/experiments/raw_outputs/battery_final_unseen/rover-battery-n3-mem-medium-corr-high-seed-12.txt,
rover-battery-n3-mem-medium-corr-high-seed-13,battery,13,3,medium,0.7,8.0,11.0,1.375,,2.1666666666666665,6.5,2.0,20.0,40,20.0,"[""steep"", ""easy"", ""moderate""]","[{""from"": ""base"", ""to"": ""site1"", ""profile"": ""steep"", ""travel_time"": 3.0, ""energy_cost"": 5.0}, {""from"": ""site1"", ""to"": ""site2"", ""profile"": ""easy"", ""travel_time"": 1.5, ""energy_cost"": 2.0}, {""from"": ""site2"", ""to"": ""site3"", ""profile"": ""moderate"", ""travel_time"": 2.0, ""energy_cost"": 3.0}]",high,3,0,True,"[4, 4, 3]","[3, 3, 3]","[4.0, 5.0, 3.0]","[7.0, 9.5, 9.5]",solved,True,sat-hadd,30.0,0.458232,0,59,30.0,30.0,22.0,22.0,8.0,34.0,6.0,0.85,True,True,16,10,3,3,13,30.0,/mnt/c/Users/Endri/Desktop/planetary-rover-experimental-study/experiments/generated_problems/battery_final_unseen/rover-battery-n3-mem-medium-corr-high-seed-13.pddl,/mnt/c/Users/Endri/Desktop/planetary-rover-experimental-study/experiments/generated_problems/battery_final_unseen/rover-battery-n3-mem-medium-corr-high-seed-13.json,/mnt/c/Users/Endri/Desktop/planetary-rover-experimental-study/experiments/raw_outputs/battery_final_unseen/rover-battery-n3-mem-medium-corr-high-seed-13.txt,
rover-battery-n3-mem-medium-corr-high-seed-14,battery,14,3,medium,0.7,10.0,14.0,1.4,,2.0,6.0,2.2222222222222223,18.0,40,22.0,"[""moderate"", ""easy"", ""rocky""]","[{""from"": ""base"", ""to"": ""site1"", ""profile"": ""moderate"", ""travel_time"": 2.0, ""energy_cost"": 3.0}, {""from"": ""site1"", ""to"": ""site2"", ""profile"": ""easy"", ""travel_time"": 1.5, ""energy_cost"": 2.0}, {""from"": ""site2"", ""to"": ""site3"", ""profile"": ""rocky"", ""travel_time"": 2.5, ""energy_cost"": 4.0}]",high,3,0,True,"[2, 6, 6]","[3, 4, 4]","[5.0, 4.0, 5.0]","[8.0, 8.0, 11.0]",solved,True,sat-hadd,30.0,0.426647,0,55,26.0,26.0,19.0,19.0,7.0,28.0,12.0,0.7,True,True,16,10,3,3,12,26.0,/mnt/c/Users/Endri/Desktop/planetary-rover-experimental-study/experiments/generated_problems/battery_final_unseen/rover-battery-n3-mem-medium-corr-high-seed-14.pddl,/mnt/c/Users/Endri/Desktop/planetary-rover-experimental-study/experiments/generated_problems/battery_final_unseen/rover-battery-n3-mem-medium-corr-high-seed-14.json,/mnt/c/Users/Endri/Desktop/planetary-rover-experimental-study/experiments/raw_outputs/battery_final_unseen/rover-battery-n3-mem-medium-corr-high-seed-14.txt,
rover-battery-n3-mem-high-corr-low-seed-10,battery,10,3,high,1.0,13.0,13.0,1.0,,2.5,7.5,1.6666666666666667,24.0,40,16.0,"[""moderate"", ""steep"", ""rocky""]","[{""from"": ""base"", ""to"": ""site1"", ""profile"": ""moderate"", ""travel_time"": 2.0, ""energy_cost"": 3.0}, {""from"": ""site1"", ""to"": ""site2"", ""profile"": ""steep"", ""travel_time"": 3.0, ""energy_cost"": 5.0}, {""from"": ""site2"", ""to"": ""site3"", ""profile"": ""rocky"", ""travel_time"": 2.5, ""energy_cost"": 4.0}]",low,3,0,True,"[6, 2, 5]","[5, 2, 3]","[14.0, 14.0, 14.0]","[19.0, 19.0, 21.5]",solved,True,sat-hadd,30.0,0.524281,0,65,36.0,36.0,25.0,25.0,11.0,40.0,0.0,1.0,True,True,16,10,3,3,13,36.0,/mnt/c/Users/Endri/Desktop/planetary-rover-experimental-study/experiments/generated_problems/battery_final_unseen/rover-battery-n3-mem-high-corr-low-seed-10.pddl,/mnt/c/Users/Endri/Desktop/planetary-rover-experimental-study/experiments/generated_problems/battery_final_unseen/rover-battery-n3-mem-high-corr-low-seed-10.json,/mnt/c/Users/Endri/Desktop/planetary-rover-experimental-study/experiments/raw_outputs/battery_final_unseen/rover-battery-n3-mem-high-corr-low-seed-10.txt,
rover-battery-n3-mem-high-corr-low-seed-11,battery,11,3,high,1.0,16.0,16.0,1.0,,2.3333333333333335,7.0,1.8181818181818181,22.0,40,18.0,"[""steep"", ""easy"", ""rocky""]","[{""from"": ""base"", ""to"": ""site1"", ""profile"": ""steep"", ""travel_time"": 3.0, ""energy_cost"": 5.0}, {""from"": ""site1"", ""to"": ""site2"", ""profile"": ""easy"", ""travel_time"": 1.5, ""energy_cost"": 2.0}, {""from"": ""site2"", ""to"": ""site3"", ""profile"": ""rocky"", ""travel_time"": 2.5, ""energy_cost"": 4.0}]",low,3,0,True,"[5, 6, 5]","[5, 3, 3]","[14.0, 12.0, 10.0]","[19.0, 16.5, 17.0]",solved,True,sat-hadd,30.0,0.708029,0,42,21.0,21.0,14.0,14.0,7.0,22.0,18.0,0.55,True,True,12,6,3,3,7,21.0,/mnt/c/Users/Endri/Desktop/planetary-rover-experimental-study/experiments/generated_problems/battery_final_unseen/rover-battery-n3-mem-high-corr-low-seed-11.pddl,/mnt/c/Users/Endri/Desktop/planetary-rover-experimental-study/experiments/generated_problems/battery_final_unseen/rover-battery-n3-mem-high-corr-low-seed-11.json,/mnt/c/Users/Endri/Desktop/planetary-rover-experimental-study/experiments/raw_outputs/battery_final_unseen/rover-battery-n3-mem-high-corr-low-seed-11.txt,
rover-battery-n3-mem-high-corr-low-seed-12,battery,12,3,high,1.0,15.0,15.0,1.0,,1.8333333333333333,5.5,2.5,16.0,40,24.0,"[""moderate"", ""moderate"", ""easy""]","[{""from"": ""base"", ""to"": ""site1"", ""profile"": ""moderate"", ""travel_time"": 2.0, ""energy_cost"": 3.0}, {""from"": ""site1"", ""to"": ""site2"", ""profile"": ""moderate"", ""travel_time"": 2.0, ""energy_cost"": 3.0}, {""from"": ""site2"", ""to"": ""site3"", ""profile"": ""easy"", ""travel_time"": 1.5, ""energy_cost"": 2.0}]",low,3,0,True,"[5, 4, 6]","[4, 3, 5]","[14.0, 10.0, 10.0]","[18.0, 14.0, 15.5]",solved,True,sat-hadd,30.0,0.41395,0,40,19.0,19.0,11.0,11.0,8.0,16.0,24.0,0.4,True,True,12,6,3,3,8,19.0,/mnt/c/Users/Endri/Desktop/planetary-rover-experimental-study/experiments/generated_problems/battery_final_unseen/rover-battery-n3-mem-high-corr-low-seed-12.pddl,/mnt/c/Users/Endri/Desktop/planetary-rover-experimental-study/experiments/generated_problems/battery_final_unseen/rover-battery-n3-mem-high-corr-low-seed-12.json,/mnt/c/Users/Endri/Desktop/planetary-rover-experimental-study/experiments/raw_outputs/battery_final_unseen/rover-battery-n3-mem-high-corr-low-seed-12.txt,
rover-battery-n3-mem-high-corr-low-seed-13,battery,13,3,high,1.0,11.0,11.0,1.0,,2.1666666666666665,6.5,2.0,20.0,40,20.0,"[""steep"", ""easy"", ""moderate""]","[{""from"": ""base"", ""to"": ""site1"", ""profile"": ""steep"", ""travel_time"": 3.0, ""energy_cost"": 5.0}, {""from"": ""site1"", ""to"": ""site2"", ""profile"": ""easy"", ""travel_time"": 1.5, ""energy_cost"": 2.0}, {""from"": ""site2"", ""to"": ""site3"", ""profile"": ""moderate"", ""travel_time"": 2.0, ""energy_cost"": 3.0}]",low,3,0,True,"[4, 4, 3]","[3, 3, 3]","[12.0, 14.0, 10.0]","[15.0, 18.5, 16.5]",solved,True,sat-hadd,30.0,0.483473,0,38,17.0,17.0,13.0,13.0,4.0,20.0,20.0,0.5,True,True,12,6,3,3,7,17.0,/mnt/c/Users/Endri/Desktop/planetary-rover-experimental-study/experiments/generated_problems/battery_final_unseen/rover-battery-n3-mem-high-corr-low-seed-13.pddl,/mnt/c/Users/Endri/Desktop/planetary-rover-experimental-study/experiments/generated_problems/battery_final_unseen/rover-battery-n3-mem-high-corr-low-seed-13.json,/mnt/c/Users/Endri/Desktop/planetary-rover-experimental-study/experiments/raw_outputs/battery_final_unseen/rover-battery-n3-mem-high-corr-low-seed-13.txt,
rover-battery-n3-mem-high-corr-low-seed-14,battery,14,3,high,1.0,14.0,14.0,1.0,,2.0,6.0,2.2222222222222223,18.0,40,22.0,"[""moderate"", ""easy"", ""rocky""]","[{""from"": ""base"", ""to"": ""site1"", ""profile"": ""moderate"", ""travel_time"": 2.0, ""energy_cost"": 3.0}, {""from"": ""site1"", ""to"": ""site2"", ""profile"": ""easy"", ""travel_time"": 1.5, ""energy_cost"": 2.0}, {""from"": ""site2"", ""to"": ""site3"", ""profile"": ""rocky"", ""travel_time"": 2.5, ""energy_cost"": 4.0}]",low,3,0,True,"[2, 6, 6]","[3, 4, 4]","[14.0, 12.0, 14.0]","[17.0, 16.0, 20.0]",solved,True,sat-hadd,30.0,0.528247,0,39,18.0,18.0,12.0,12.0,6.0,18.0,22.0,0.45,True,True,12,6,3,3,8,18.0,/mnt/c/Users/Endri/Desktop/planetary-rover-experimental-study/experiments/generated_problems/battery_final_unseen/rover-battery-n3-mem-high-corr-low-seed-14.pddl,/mnt/c/Users/Endri/Desktop/planetary-rover-experimental-study/experiments/generated_problems/battery_final_unseen/rover-battery-n3-mem-high-corr-low-seed-14.json,/mnt/c/Users/Endri/Desktop/planetary-rover-experimental-study/experiments/raw_outputs/battery_final_unseen/rover-battery-n3-mem-high-corr-low-seed-14.txt,
rover-battery-n3-mem-high-corr-medium-seed-10,battery,10,3,high,1.0,13.0,13.0,1.0,,2.5,7.5,1.6666666666666667,24.0,40,16.0,"[""moderate"", ""steep"", ""rocky""]","[{""from"": ""base"", ""to"": ""site1"", ""profile"": ""moderate"", ""travel_time"": 2.0, ""energy_cost"": 3.0}, {""from"": ""site1"", ""to"": ""site2"", ""profile"": ""steep"", ""travel_time"": 3.0, ""energy_cost"": 5.0}, {""from"": ""site2"", ""to"": ""site3"", ""profile"": ""rocky"", ""travel_time"": 2.5, ""energy_cost"": 4.0}]",medium,3,0,True,"[6, 2, 5]","[5, 2, 3]","[10.0, 10.0, 10.0]","[15.0, 15.0, 17.5]",solved,True,sat-hadd,30.0,0.443692,0,64,35.0,35.0,25.0,25.0,10.0,40.0,0.0,1.0,True,True,16,10,3,3,13,35.0,/mnt/c/Users/Endri/Desktop/planetary-rover-experimental-study/experiments/generated_problems/battery_final_unseen/rover-battery-n3-mem-high-corr-medium-seed-10.pddl,/mnt/c/Users/Endri/Desktop/planetary-rover-experimental-study/experiments/generated_problems/battery_final_unseen/rover-battery-n3-mem-high-corr-medium-seed-10.json,/mnt/c/Users/Endri/Desktop/planetary-rover-experimental-study/experiments/raw_outputs/battery_final_unseen/rover-battery-n3-mem-high-corr-medium-seed-10.txt,
rover-battery-n3-mem-high-corr-medium-seed-11,battery,11,3,high,1.0,16.0,16.0,1.0,,2.3333333333333335,7.0,1.8181818181818181,22.0,40,18.0,"[""steep"", ""easy"", ""rocky""]","[{""from"": ""base"", ""to"": ""site1"", ""profile"": ""steep"", ""travel_time"": 3.0, ""energy_cost"": 5.0}, {""from"": ""site1"", ""to"": ""site2"", ""profile"": ""easy"", ""travel_time"": 1.5, ""energy_cost"": 2.0}, {""from"": ""site2"", ""to"": ""site3"", ""profile"": ""rocky"", ""travel_time"": 2.5, ""energy_cost"": 4.0}]",medium,3,0,True,"[5, 6, 5]","[5, 3, 3]","[10.0, 8.0, 6.0]","[15.0, 12.5, 13.0]",solved,True,sat-hadd,30.0,0.553258,0,38,17.0,17.0,14.0,14.0,3.0,22.0,18.0,0.55,True,True,12,6,3,3,7,17.0,/mnt/c/Users/Endri/Desktop/planetary-rover-experimental-study/experiments/generated_problems/battery_final_unseen/rover-battery-n3-mem-high-corr-medium-seed-11.pddl,/mnt/c/Users/Endri/Desktop/planetary-rover-experimental-study/experiments/generated_problems/battery_final_unseen/rover-battery-n3-mem-high-corr-medium-seed-11.json,/mnt/c/Users/Endri/Desktop/planetary-rover-experimental-study/experiments/raw_outputs/battery_final_unseen/rover-battery-n3-mem-high-corr-medium-seed-11.txt,
rover-battery-n3-mem-high-corr-medium-seed-12,battery,12,3,high,1.0,15.0,15.0,1.0,,1.8333333333333333,5.5,2.5,16.0,40,24.0,"[""moderate"", ""moderate"", ""easy""]","[{""from"": ""base"", ""to"": ""site1"", ""profile"": ""moderate"", ""travel_time"": 2.0, ""energy_cost"": 3.0}, {""from"": ""site1"", ""to"": ""site2"", ""profile"": ""moderate"", ""travel_time"": 2.0, ""energy_cost"": 3.0}, {""from"": ""site2"", ""to"": ""site3"", ""profile"": ""easy"", ""travel_time"": 1.5, ""energy_cost"": 2.0}]",medium,3,0,True,"[5, 4, 6]","[4, 3, 5]","[10.0, 6.0, 6.0]","[14.0, 10.0, 11.5]",solved,True,sat-hadd,30.0,0.46787,0,59,30.0,30.0,19.0,19.0,11.0,28.0,12.0,0.7,True,True,16,10,3,3,13,30.0,/mnt/c/Users/Endri/Desktop/planetary-rover-experimental-study/experiments/generated_problems/battery_final_unseen/rover-battery-n3-mem-high-corr-medium-seed-12.pddl,/mnt/c/Users/Endri/Desktop/planetary-rover-experimental-study/experiments/generated_problems/battery_final_unseen/rover-battery-n3-mem-high-corr-medium-seed-12.json,/mnt/c/Users/Endri/Desktop/planetary-rover-experimental-study/experiments/raw_outputs/battery_final_unseen/rover-battery-n3-mem-high-corr-medium-seed-12.txt,
rover-battery-n3-mem-high-corr-medium-seed-13,battery,13,3,high,1.0,11.0,11.0,1.0,,2.1666666666666665,6.5,2.0,20.0,40,20.0,"[""steep"", ""easy"", ""moderate""]","[{""from"": ""base"", ""to"": ""site1"", ""profile"": ""steep"", ""travel_time"": 3.0, ""energy_cost"": 5.0}, {""from"": ""site1"", ""to"": ""site2"", ""profile"": ""easy"", ""travel_time"": 1.5, ""energy_cost"": 2.0}, {""from"": ""site2"", ""to"": ""site3"", ""profile"": ""moderate"", ""travel_time"": 2.0, ""energy_cost"": 3.0}]",medium,3,0,True,"[4, 4, 3]","[3, 3, 3]","[8.0, 10.0, 6.0]","[11.0, 14.5, 12.5]",solved,True,sat-hadd,30.0,0.530408,0,57,28.0,28.0,22.0,22.0,6.0,34.0,6.0,0.85,True,True,16,10,3,3,12,28.0,/mnt/c/Users/Endri/Desktop/planetary-rover-experimental-study/experiments/generated_problems/battery_final_unseen/rover-battery-n3-mem-high-corr-medium-seed-13.pddl,/mnt/c/Users/Endri/Desktop/planetary-rover-experimental-study/experiments/generated_problems/battery_final_unseen/rover-battery-n3-mem-high-corr-medium-seed-13.json,/mnt/c/Users/Endri/Desktop/planetary-rover-experimental-study/experiments/raw_outputs/battery_final_unseen/rover-battery-n3-mem-high-corr-medium-seed-13.txt,
rover-battery-n3-mem-high-corr-medium-seed-14,battery,14,3,high,1.0,14.0,14.0,1.0,,2.0,6.0,2.2222222222222223,18.0,40,22.0,"[""moderate"", ""easy"", ""rocky""]","[{""from"": ""base"", ""to"": ""site1"", ""profile"": ""moderate"", ""travel_time"": 2.0, ""energy_cost"": 3.0}, {""from"": ""site1"", ""to"": ""site2"", ""profile"": ""easy"", ""travel_time"": 1.5, ""energy_cost"": 2.0}, {""from"": ""site2"", ""to"": ""site3"", ""profile"": ""rocky"", ""travel_time"": 2.5, ""energy_cost"": 4.0}]",medium,3,0,True,"[2, 6, 6]","[3, 4, 4]","[10.0, 8.0, 10.0]","[13.0, 12.0, 16.0]",solved,True,sat-hadd,30.0,0.495731,0,58,29.0,29.0,19.0,19.0,10.0,28.0,12.0,0.7,True,True,16,10,3,3,13,29.0,/mnt/c/Users/Endri/Desktop/planetary-rover-experimental-study/experiments/generated_problems/battery_final_unseen/rover-battery-n3-mem-high-corr-medium-seed-14.pddl,/mnt/c/Users/Endri/Desktop/planetary-rover-experimental-study/experiments/generated_problems/battery_final_unseen/rover-battery-n3-mem-high-corr-medium-seed-14.json,/mnt/c/Users/Endri/Desktop/planetary-rover-experimental-study/experiments/raw_outputs/battery_final_unseen/rover-battery-n3-mem-high-corr-medium-seed-14.txt,
rover-battery-n3-mem-high-corr-high-seed-10,battery,10,3,high,1.0,13.0,13.0,1.0,,2.5,7.5,1.6666666666666667,24.0,40,16.0,"[""moderate"", ""steep"", ""rocky""]","[{""from"": ""base"", ""to"": ""site1"", ""profile"": ""moderate"", ""travel_time"": 2.0, ""energy_cost"": 3.0}, {""from"": ""site1"", ""to"": ""site2"", ""profile"": ""steep"", ""travel_time"": 3.0, ""energy_cost"": 5.0}, {""from"": ""site2"", ""to"": ""site3"", ""profile"": ""rocky"", ""travel_time"": 2.5, ""energy_cost"": 4.0}]",high,3,0,True,"[6, 2, 5]","[5, 2, 3]","[5.0, 5.0, 5.0]","[10.0, 10.0, 12.5]",solved,True,sat-hadd,30.0,0.426907,0,59,30.0,30.0,25.0,25.0,5.0,40.0,0.0,1.0,True,True,16,10,3,3,12,30.0,/mnt/c/Users/Endri/Desktop/planetary-rover-experimental-study/experiments/generated_problems/battery_final_unseen/rover-battery-n3-mem-high-corr-high-seed-10.pddl,/mnt/c/Users/Endri/Desktop/planetary-rover-experimental-study/experiments/generated_problems/battery_final_unseen/rover-battery-n3-mem-high-corr-high-seed-10.json,/mnt/c/Users/Endri/Desktop/planetary-rover-experimental-study/experiments/raw_outputs/battery_final_unseen/rover-battery-n3-mem-high-corr-high-seed-10.txt,
rover-battery-n3-mem-high-corr-high-seed-11,battery,11,3,high,1.0,16.0,16.0,1.0,,2.3333333333333335,7.0,1.8181818181818181,22.0,40,18.0,"[""steep"", ""easy"", ""rocky""]","[{""from"": ""base"", ""to"": ""site1"", ""profile"": ""steep"", ""travel_time"": 3.0, ""energy_cost"": 5.0}, {""from"": ""site1"", ""to"": ""site2"", ""profile"": ""easy"", ""travel_time"": 1.5, ""energy_cost"": 2.0}, {""from"": ""site2"", ""to"": ""site3"", ""profile"": ""rocky"", ""travel_time"": 2.5, ""energy_cost"": 4.0}]",high,3,0,True,"[5, 6, 5]","[5, 3, 3]","[5.0, 4.0, 3.0]","[10.0, 8.5, 10.0]",solved,True,sat-hadd,30.0,0.464777,0,57,28.0,28.0,23.0,23.0,5.0,36.0,4.0,0.9,True,True,16,10,3,3,12,28.0,/mnt/c/Users/Endri/Desktop/planetary-rover-experimental-study/experiments/generated_problems/battery_final_unseen/rover-battery-n3-mem-high-corr-high-seed-11.pddl,/mnt/c/Users/Endri/Desktop/planetary-rover-experimental-study/experiments/generated_problems/battery_final_unseen/rover-battery-n3-mem-high-corr-high-seed-11.json,/mnt/c/Users/Endri/Desktop/planetary-rover-experimental-study/experiments/raw_outputs/battery_final_unseen/rover-battery-n3-mem-high-corr-high-seed-11.txt,
rover-battery-n3-mem-high-corr-high-seed-12,battery,12,3,high,1.0,15.0,15.0,1.0,,1.8333333333333333,5.5,2.5,16.0,40,24.0,"[""moderate"", ""moderate"", ""easy""]","[{""from"": ""base"", ""to"": ""site1"", ""profile"": ""moderate"", ""travel_time"": 2.0, ""energy_cost"": 3.0}, {""from"": ""site1"", ""to"": ""site2"", ""profile"": ""moderate"", ""travel_time"": 2.0, ""energy_cost"": 3.0}, {""from"": ""site2"", ""to"": ""site3"", ""profile"": ""easy"", ""travel_time"": 1.5, ""energy_cost"": 2.0}]",high,3,0,True,"[5, 4, 6]","[4, 3, 5]","[5.0, 3.0, 3.0]","[9.0, 7.0, 8.5]",solved,True,sat-hadd,30.0,0.412454,0,53,24.0,24.0,19.0,19.0,5.0,28.0,12.0,0.7,True,True,16,10,3,3,12,24.0,/mnt/c/Users/Endri/Desktop/planetary-rover-experimental-study/experiments/generated_problems/battery_final_unseen/rover-battery-n3-mem-high-corr-high-seed-12.pddl,/mnt/c/Users/Endri/Desktop/planetary-rover-experimental-study/experiments/generated_problems/battery_final_unseen/rover-battery-n3-mem-high-corr-high-seed-12.json,/mnt/c/Users/Endri/Desktop/planetary-rover-experimental-study/experiments/raw_outputs/battery_final_unseen/rover-battery-n3-mem-high-corr-high-seed-12.txt,
rover-battery-n3-mem-high-corr-high-seed-13,battery,13,3,high,1.0,11.0,11.0,1.0,,2.1666666666666665,6.5,2.0,20.0,40,20.0,"[""steep"", ""easy"", ""moderate""]","[{""from"": ""base"", ""to"": ""site1"", ""profile"": ""steep"", ""travel_time"": 3.0, ""energy_cost"": 5.0}, {""from"": ""site1"", ""to"": ""site2"", ""profile"": ""easy"", ""travel_time"": 1.5, ""energy_cost"": 2.0}, {""from"": ""site2"", ""to"": ""site3"", ""profile"": ""moderate"", ""travel_time"": 2.0, ""energy_cost"": 3.0}]",high,3,0,True,"[4, 4, 3]","[3, 3, 3]","[4.0, 5.0, 3.0]","[7.0, 9.5, 9.5]",solved,True,sat-hadd,30.0,0.468071,0,58,29.0,29.0,22.0,22.0,7.0,34.0,6.0,0.85,True,True,16,10,3,3,12,29.0,/mnt/c/Users/Endri/Desktop/planetary-rover-experimental-study/experiments/generated_problems/battery_final_unseen/rover-battery-n3-mem-high-corr-high-seed-13.pddl,/mnt/c/Users/Endri/Desktop/planetary-rover-experimental-study/experiments/generated_problems/battery_final_unseen/rover-battery-n3-mem-high-corr-high-seed-13.json,/mnt/c/Users/Endri/Desktop/planetary-rover-experimental-study/experiments/raw_outputs/battery_final_unseen/rover-battery-n3-mem-high-corr-high-seed-13.txt,
rover-battery-n3-mem-high-corr-high-seed-14,battery,14,3,high,1.0,14.0,14.0,1.0,,2.0,6.0,2.2222222222222223,18.0,40,22.0,"[""moderate"", ""easy"", ""rocky""]","[{""from"": ""base"", ""to"": ""site1"", ""profile"": ""moderate"", ""travel_time"": 2.0, ""energy_cost"": 3.0}, {""from"": ""site1"", ""to"": ""site2"", ""profile"": ""easy"", ""travel_time"": 1.5, ""energy_cost"": 2.0}, {""from"": ""site2"", ""to"": ""site3"", ""profile"": ""rocky"", ""travel_time"": 2.5, ""energy_cost"": 4.0}]",high,3,0,True,"[2, 6, 6]","[3, 4, 4]","[5.0, 4.0, 5.0]","[8.0, 8.0, 11.0]",solved,True,sat-hadd,30.0,0.422838,0,55,26.0,26.0,19.0,19.0,7.0,28.0,12.0,0.7,True,True,16,10,3,3,12,26.0,/mnt/c/Users/Endri/Desktop/planetary-rover-experimental-study/experiments/generated_problems/battery_final_unseen/rover-battery-n3-mem-high-corr-high-seed-14.pddl,/mnt/c/Users/Endri/Desktop/planetary-rover-experimental-study/experiments/generated_problems/battery_final_unseen/rover-battery-n3-mem-high-corr-high-seed-14.json,/mnt/c/Users/Endri/Desktop/planetary-rover-experimental-study/experiments/raw_outputs/battery_final_unseen/rover-battery-n3-mem-high-corr-high-seed-14.txt,
rover-battery-n4-mem-low-corr-low-seed-10,battery,10,4,low,0.45,9.0,18.0,2.0,,2.625,10.5,1.1764705882352942,34.0,40,6.0,"[""moderate"", ""steep"", ""rocky"", ""steep""]","[{""from"": ""base"", ""to"": ""site1"", ""profile"": ""moderate"", ""travel_time"": 2.0, ""energy_cost"": 3.0}, {""from"": ""site1"", ""to"": ""site2"", ""profile"": ""steep"", ""travel_time"": 3.0, ""energy_cost"": 5.0}, {""from"": ""site2"", ""to"": ""site3"", ""profile"": ""rocky"", ""travel_time"": 2.5, ""energy_cost"": 4.0}, {""from"": ""site3"", ""to"": ""site4"", ""profile"": ""steep"", ""travel_time"": 3.0, ""energy_cost"": 5.0}]",low,4,0,True,"[6, 2, 5, 5]","[2, 3, 5, 5]","[14.0, 14.0, 14.0, 10.0]","[16.0, 19.0, 21.5, 20.5]",unsolvable,False,sat-hadd,30.0,20.414831,0,,,,,,,,,,,,0,0,0,0,0,0,/mnt/c/Users/Endri/Desktop/planetary-rover-experimental-study/experiments/generated_problems/battery_final_unseen/rover-battery-n4-mem-low-corr-low-seed-10.pddl,/mnt/c/Users/Endri/Desktop/planetary-rover-experimental-study/experiments/generated_problems/battery_final_unseen/rover-battery-n4-mem-low-corr-low-seed-10.json,/mnt/c/Users/Endri/Desktop/planetary-rover-experimental-study/experiments/raw_outputs/battery_final_unseen/rover-battery-n4-mem-low-corr-low-seed-10.txt,
rover-battery-n4-mem-low-corr-low-seed-11,battery,11,4,low,0.45,10.0,21.0,2.1,,2.375,9.5,1.3333333333333333,30.0,40,10.0,"[""steep"", ""easy"", ""rocky"", ""rocky""]","[{""from"": ""base"", ""to"": ""site1"", ""profile"": ""steep"", ""travel_time"": 3.0, ""energy_cost"": 5.0}, {""from"": ""site1"", ""to"": ""site2"", ""profile"": ""easy"", ""travel_time"": 1.5, ""energy_cost"": 2.0}, {""from"": ""site2"", ""to"": ""site3"", ""profile"": ""rocky"", ""travel_time"": 2.5, ""energy_cost"": 4.0}, {""from"": ""site3"", ""to"": ""site4"", ""profile"": ""rocky"", ""travel_time"": 2.5, ""energy_cost"": 4.0}]",low,4,0,True,"[5, 6, 5, 5]","[3, 3, 5, 3]","[14.0, 12.0, 10.0, 14.0]","[17.0, 16.5, 17.0, 23.5]",unsolvable,False,sat-hadd,30.0,8.557757,0,,,,,,,,,,,,0,0,0,0,0,0,/mnt/c/Users/Endri/Desktop/planetary-rover-experimental-study/experiments/generated_problems/battery_final_unseen/rover-battery-n4-mem-low-corr-low-seed-11.pddl,/mnt/c/Users/Endri/Desktop/planetary-rover-experimental-study/experiments/generated_problems/battery_final_unseen/rover-battery-n4-mem-low-corr-low-seed-11.json,/mnt/c/Users/Endri/Desktop/planetary-rover-experimental-study/experiments/raw_outputs/battery_final_unseen/rover-battery-n4-mem-low-corr-low-seed-11.txt,
rover-battery-n4-mem-low-corr-low-seed-12,battery,12,4,low,0.45,9.0,19.0,2.111111,,2.0,8.0,1.6666666666666667,24.0,40,16.0,"[""moderate"", ""moderate"", ""easy"", ""rocky""]","[{""from"": ""base"", ""to"": ""site1"", ""profile"": ""moderate"", ""travel_time"": 2.0, ""energy_cost"": 3.0}, {""from"": ""site1"", ""to"": ""site2"", ""profile"": ""moderate"", ""travel_time"": 2.0, ""energy_cost"": 3.0}, {""from"": ""site2"", ""to"": ""site3"", ""profile"": ""easy"", ""travel_time"": 1.5, ""energy_cost"": 2.0}, {""from"": ""site3"", ""to"": ""site4"", ""profile"": ""rocky"", ""travel_time"": 2.5, ""energy_cost"": 4.0}]",low,4,0,True,"[5, 4, 6, 4]","[3, 5, 2, 4]","[14.0, 10.0, 10.0, 12.0]","[17.0, 15.0, 15.5, 20.0]",timeout,False,sat-hadd,30.0,30.107204,124,,,,,,,,,,,,0,0,0,0,0,0.0,/mnt/c/Users/Endri/Desktop/planetary-rover-experimental-study/experiments/generated_problems/battery_final_unseen/rover-battery-n4-mem-low-corr-low-seed-12.pddl,/mnt/c/Users/Endri/Desktop/planetary-rover-experimental-study/experiments/generated_problems/battery_final_unseen/rover-battery-n4-mem-low-corr-low-seed-12.json,/mnt/c/Users/Endri/Desktop/planetary-rover-experimental-study/experiments/raw_outputs/battery_final_unseen/rover-battery-n4-mem-low-corr-low-seed-12.txt,
rover-battery-n4-mem-low-corr-low-seed-13,battery,13,4,low,0.45,7.0,14.0,2.0,,2.375,9.5,1.3333333333333333,30.0,40,10.0,"[""steep"", ""easy"", ""moderate"", ""steep""]","[{""from"": ""base"", ""to"": ""site1"", ""profile"": ""steep"", ""travel_time"": 3.0, ""energy_cost"": 5.0}, {""from"": ""site1"", ""to"": ""site2"", ""profile"": ""easy"", ""travel_time"": 1.5, ""energy_cost"": 2.0}, {""from"": ""site2"", ""to"": ""site3"", ""profile"": ""moderate"", ""travel_time"": 2.0, ""energy_cost"": 3.0}, {""from"": ""site3"", ""to"": ""site4"", ""profile"": ""steep"", ""travel_time"": 3.0, ""energy_cost"": 5.0}]",low,4,0,True,"[4, 4, 3, 3]","[3, 3, 3, 3]","[12.0, 14.0, 10.0, 10.0]","[15.0, 18.5, 16.5, 19.5]",unsolvable,False,sat-hadd,30.0,25.021532,0,,,,,,,,,,,,0,0,0,0,0,0,/mnt/c/Users/Endri/Desktop/planetary-rover-experimental-study/experiments/generated_problems/battery_final_unseen/rover-battery-n4-mem-low-corr-low-seed-13.pddl,/mnt/c/Users/Endri/Desktop/planetary-rover-experimental-study/experiments/generated_problems/battery_final_unseen/rover-battery-n4-mem-low-corr-low-seed-13.json,/mnt/c/Users/Endri/Desktop/planetary-rover-experimental-study/experiments/raw_outputs/battery_final_unseen/rover-battery-n4-mem-low-corr-low-seed-13.txt,
rover-battery-n4-mem-low-corr-low-seed-14,battery,14,4,low,0.45,8.0,17.0,2.125,,2.25,9.0,1.4285714285714286,28.0,40,12.0,"[""moderate"", ""easy"", ""rocky"", ""steep""]","[{""from"": ""base"", ""to"": ""site1"", ""profile"": ""moderate"", ""travel_time"": 2.0, ""energy_cost"": 3.0}, {""from"": ""site1"", ""to"": ""site2"", ""profile"": ""easy"", ""travel_time"": 1.5, ""energy_cost"": 2.0}, {""from"": ""site2"", ""to"": ""site3"", ""profile"": ""rocky"", ""travel_time"": 2.5, ""energy_cost"": 4.0}, {""from"": ""site3"", ""to"": ""site4"", ""profile"": ""steep"", ""travel_time"": 3.0, ""energy_cost"": 5.0}]",low,4,0,True,"[2, 6, 6, 3]","[4, 4, 4, 2]","[14.0, 12.0, 14.0, 12.0]","[18.0, 16.0, 20.0, 21.0]",timeout,False,sat-hadd,30.0,30.109172,124,,,,,,,,,,,,0,0,0,0,0,0.0,/mnt/c/Users/Endri/Desktop/planetary-rover-experimental-study/experiments/generated_problems/battery_final_unseen/rover-battery-n4-mem-low-corr-low-seed-14.pddl,/mnt/c/Users/Endri/Desktop/planetary-rover-experimental-study/experiments/generated_problems/battery_final_unseen/rover-battery-n4-mem-low-corr-low-seed-14.json,/mnt/c/Users/Endri/Desktop/planetary-rover-experimental-study/experiments/raw_outputs/battery_final_unseen/rover-battery-n4-mem-low-corr-low-seed-14.txt,
rover-battery-n4-mem-low-corr-medium-seed-10,battery,10,4,low,0.45,9.0,18.0,2.0,,2.625,10.5,1.1764705882352942,34.0,40,6.0,"[""moderate"", ""steep"", ""rocky"", ""steep""]","[{""from"": ""base"", ""to"": ""site1"", ""profile"": ""moderate"", ""travel_time"": 2.0, ""energy_cost"": 3.0}, {""from"": ""site1"", ""to"": ""site2"", ""profile"": ""steep"", ""travel_time"": 3.0, ""energy_cost"": 5.0}, {""from"": ""site2"", ""to"": ""site3"", ""profile"": ""rocky"", ""travel_time"": 2.5, ""energy_cost"": 4.0}, {""from"": ""site3"", ""to"": ""site4"", ""profile"": ""steep"", ""travel_time"": 3.0, ""energy_cost"": 5.0}]",medium,4,0,True,"[6, 2, 5, 5]","[2, 3, 5, 5]","[10.0, 10.0, 10.0, 6.0]","[12.0, 15.0, 17.5, 16.5]",unsolvable,False,sat-hadd,30.0,8.237885,0,,,,,,,,,,,,0,0,0,0,0,0,/mnt/c/Users/Endri/Desktop/planetary-rover-experimental-study/experiments/generated_problems/battery_final_unseen/rover-battery-n4-mem-low-corr-medium-seed-10.pddl,/mnt/c/Users/Endri/Desktop/planetary-rover-experimental-study/experiments/generated_problems/battery_final_unseen/rover-battery-n4-mem-low-corr-medium-seed-10.json,/mnt/c/Users/Endri/Desktop/planetary-rover-experimental-study/experiments/raw_outputs/battery_final_unseen/rover-battery-n4-mem-low-corr-medium-seed-10.txt,
rover-battery-n4-mem-low-corr-medium-seed-11,battery,11,4,low,0.45,10.0,21.0,2.1,,2.375,9.5,1.3333333333333333,30.0,40,10.0,"[""steep"", ""easy"", ""rocky"", ""rocky""]","[{""from"": ""base"", ""to"": ""site1"", ""profile"": ""steep"", ""travel_time"": 3.0, ""energy_cost"": 5.0}, {""from"": ""site1"", ""to"": ""site2"", ""profile"": ""easy"", ""travel_time"": 1.5, ""energy_cost"": 2.0}, {""from"": ""site2"", ""to"": ""site3"", ""profile"": ""rocky"", ""travel_time"": 2.5, ""energy_cost"": 4.0}, {""from"": ""site3"", ""to"": ""site4"", ""profile"": ""rocky"", ""travel_time"": 2.5, ""energy_cost"": 4.0}]",medium,4,0,True,"[5, 6, 5, 5]","[3, 3, 5, 3]","[10.0, 8.0, 6.0, 10.0]","[13.0, 12.5, 13.0, 19.5]",unsolvable,False,sat-hadd,30.0,4.067237,0,,,,,,,,,,,,0,0,0,0,0,0,/mnt/c/Users/Endri/Desktop/planetary-rover-experimental-study/experiments/generated_problems/battery_final_unseen/rover-battery-n4-mem-low-corr-medium-seed-11.pddl,/mnt/c/Users/Endri/Desktop/planetary-rover-experimental-study/experiments/generated_problems/battery_final_unseen/rover-battery-n4-mem-low-corr-medium-seed-11.json,/mnt/c/Users/Endri/Desktop/planetary-rover-experimental-study/experiments/raw_outputs/battery_final_unseen/rover-battery-n4-mem-low-corr-medium-seed-11.txt,
rover-battery-n4-mem-low-corr-medium-seed-12,battery,12,4,low,0.45,9.0,19.0,2.111111,,2.0,8.0,1.6666666666666667,24.0,40,16.0,"[""moderate"", ""moderate"", ""easy"", ""rocky""]","[{""from"": ""base"", ""to"": ""site1"", ""profile"": ""moderate"", ""travel_time"": 2.0, ""energy_cost"": 3.0}, {""from"": ""site1"", ""to"": ""site2"", ""profile"": ""moderate"", ""travel_time"": 2.0, ""energy_cost"": 3.0}, {""from"": ""site2"", ""to"": ""site3"", ""profile"": ""easy"", ""travel_time"": 1.5, ""energy_cost"": 2.0}, {""from"": ""site3"", ""to"": ""site4"", ""profile"": ""rocky"", ""travel_time"": 2.5, ""energy_cost"": 4.0}]",medium,4,0,True,"[5, 4, 6, 4]","[3, 5, 2, 4]","[10.0, 6.0, 6.0, 8.0]","[13.0, 11.0, 11.5, 16.0]",unsolvable,False,sat-hadd,30.0,19.094149,0,,,,,,,,,,,,0,0,0,0,0,0,/mnt/c/Users/Endri/Desktop/planetary-rover-experimental-study/experiments/generated_problems/battery_final_unseen/rover-battery-n4-mem-low-corr-medium-seed-12.pddl,/mnt/c/Users/Endri/Desktop/planetary-rover-experimental-study/experiments/generated_problems/battery_final_unseen/rover-battery-n4-mem-low-corr-medium-seed-12.json,/mnt/c/Users/Endri/Desktop/planetary-rover-experimental-study/experiments/raw_outputs/battery_final_unseen/rover-battery-n4-mem-low-corr-medium-seed-12.txt,
rover-battery-n4-mem-low-corr-medium-seed-13,battery,13,4,low,0.45,7.0,14.0,2.0,,2.375,9.5,1.3333333333333333,30.0,40,10.0,"[""steep"", ""easy"", ""moderate"", ""steep""]","[{""from"": ""base"", ""to"": ""site1"", ""profile"": ""steep"", ""travel_time"": 3.0, ""energy_cost"": 5.0}, {""from"": ""site1"", ""to"": ""site2"", ""profile"": ""easy"", ""travel_time"": 1.5, ""energy_cost"": 2.0}, {""from"": ""site2"", ""to"": ""site3"", ""profile"": ""moderate"", ""travel_time"": 2.0, ""energy_cost"": 3.0}, {""from"": ""site3"", ""to"": ""site4"", ""profile"": ""steep"", ""travel_time"": 3.0, ""energy_cost"": 5.0}]",medium,4,0,True,"[4, 4, 3, 3]","[3, 3, 3, 3]","[8.0, 10.0, 6.0, 6.0]","[11.0, 14.5, 12.5, 15.5]",unsolvable,False,sat-hadd,30.0,9.801709,0,,,,,,,,,,,,0,0,0,0,0,0,/mnt/c/Users/Endri/Desktop/planetary-rover-experimental-study/experiments/generated_problems/battery_final_unseen/rover-battery-n4-mem-low-corr-medium-seed-13.pddl,/mnt/c/Users/Endri/Desktop/planetary-rover-experimental-study/experiments/generated_problems/battery_final_unseen/rover-battery-n4-mem-low-corr-medium-seed-13.json,/mnt/c/Users/Endri/Desktop/planetary-rover-experimental-study/experiments/raw_outputs/battery_final_unseen/rover-battery-n4-mem-low-corr-medium-seed-13.txt,
rover-battery-n4-mem-low-corr-medium-seed-14,battery,14,4,low,0.45,8.0,17.0,2.125,,2.25,9.0,1.4285714285714286,28.0,40,12.0,"[""moderate"", ""easy"", ""rocky"", ""steep""]","[{""from"": ""base"", ""to"": ""site1"", ""profile"": ""moderate"", ""travel_time"": 2.0, ""energy_cost"": 3.0}, {""from"": ""site1"", ""to"": ""site2"", ""profile"": ""easy"", ""travel_time"": 1.5, ""energy_cost"": 2.0}, {""from"": ""site2"", ""to"": ""site3"", ""profile"": ""rocky"", ""travel_time"": 2.5, ""energy_cost"": 4.0}, {""from"": ""site3"", ""to"": ""site4"", ""profile"": ""steep"", ""travel_time"": 3.0, ""energy_cost"": 5.0}]",medium,4,0,True,"[2, 6, 6, 3]","[4, 4, 4, 2]","[10.0, 8.0, 10.0, 8.0]","[14.0, 12.0, 16.0, 17.0]",unsolvable,False,sat-hadd,30.0,28.444092,0,,,,,,,,,,,,0,0,0,0,0,0,/mnt/c/Users/Endri/Desktop/planetary-rover-experimental-study/experiments/generated_problems/battery_final_unseen/rover-battery-n4-mem-low-corr-medium-seed-14.pddl,/mnt/c/Users/Endri/Desktop/planetary-rover-experimental-study/experiments/generated_problems/battery_final_unseen/rover-battery-n4-mem-low-corr-medium-seed-14.json,/mnt/c/Users/Endri/Desktop/planetary-rover-experimental-study/experiments/raw_outputs/battery_final_unseen/rover-battery-n4-mem-low-corr-medium-seed-14.txt,
rover-battery-n4-mem-low-corr-high-seed-10,battery,10,4,low,0.45,9.0,18.0,2.0,,2.625,10.5,1.1764705882352942,34.0,40,6.0,"[""moderate"", ""steep"", ""rocky"", ""steep""]","[{""from"": ""base"", ""to"": ""site1"", ""profile"": ""moderate"", ""travel_time"": 2.0, ""energy_cost"": 3.0}, {""from"": ""site1"", ""to"": ""site2"", ""profile"": ""steep"", ""travel_time"": 3.0, ""energy_cost"": 5.0}, {""from"": ""site2"", ""to"": ""site3"", ""profile"": ""rocky"", ""travel_time"": 2.5, ""energy_cost"": 4.0}, {""from"": ""site3"", ""to"": ""site4"", ""profile"": ""steep"", ""travel_time"": 3.0, ""energy_cost"": 5.0}]",high,4,0,True,"[6, 2, 5, 5]","[2, 3, 5, 5]","[5.0, 5.0, 5.0, 3.0]","[7.0, 10.0, 12.5, 13.5]",unsolvable,False,sat-hadd,30.0,2.055924,0,,,,,,,,,,,,0,0,0,0,0,0,/mnt/c/Users/Endri/Desktop/planetary-rover-experimental-study/experiments/generated_problems/battery_final_unseen/rover-battery-n4-mem-low-corr-high-seed-10.pddl,/mnt/c/Users/Endri/Desktop/planetary-rover-experimental-study/experiments/generated_problems/battery_final_unseen/rover-battery-n4-mem-low-corr-high-seed-10.json,/mnt/c/Users/Endri/Desktop/planetary-rover-experimental-study/experiments/raw_outputs/battery_final_unseen/rover-battery-n4-mem-low-corr-high-seed-10.txt,
rover-battery-n4-mem-low-corr-high-seed-11,battery,11,4,low,0.45,10.0,21.0,2.1,,2.375,9.5,1.3333333333333333,30.0,40,10.0,"[""steep"", ""easy"", ""rocky"", ""rocky""]","[{""from"": ""base"", ""to"": ""site1"", ""profile"": ""steep"", ""travel_time"": 3.0, ""energy_cost"": 5.0}, {""from"": ""site1"", ""to"": ""site2"", ""profile"": ""easy"", ""travel_time"": 1.5, ""energy_cost"": 2.0}, {""from"": ""site2"", ""to"": ""site3"", ""profile"": ""rocky"", ""travel_time"": 2.5, ""energy_cost"": 4.0}, {""from"": ""site3"", ""to"": ""site4"", ""profile"": ""rocky"", ""travel_time"": 2.5, ""energy_cost"": 4.0}]",high,4,0,True,"[5, 6, 5, 5]","[3, 3, 5, 3]","[5.0, 4.0, 3.0, 5.0]","[8.0, 8.5, 10.0, 14.5]",unsolvable,False,sat-hadd,30.0,1.51239,0,,,,,,,,,,,,0,0,0,0,0,0,/mnt/c/Users/Endri/Desktop/planetary-rover-experimental-study/experiments/generated_problems/battery_final_unseen/rover-battery-n4-mem-low-corr-high-seed-11.pddl,/mnt/c/Users/Endri/Desktop/planetary-rover-experimental-study/experiments/generated_problems/battery_final_unseen/rover-battery-n4-mem-low-corr-high-seed-11.json,/mnt/c/Users/Endri/Desktop/planetary-rover-experimental-study/experiments/raw_outputs/battery_final_unseen/rover-battery-n4-mem-low-corr-high-seed-11.txt,
rover-battery-n4-mem-low-corr-high-seed-12,battery,12,4,low,0.45,9.0,19.0,2.111111,,2.0,8.0,1.6666666666666667,24.0,40,16.0,"[""moderate"", ""moderate"", ""easy"", ""rocky""]","[{""from"": ""base"", ""to"": ""site1"", ""profile"": ""moderate"", ""travel_time"": 2.0, ""energy_cost"": 3.0}, {""from"": ""site1"", ""to"": ""site2"", ""profile"": ""moderate"", ""travel_time"": 2.0, ""energy_cost"": 3.0}, {""from"": ""site2"", ""to"": ""site3"", ""profile"": ""easy"", ""travel_time"": 1.5, ""energy_cost"": 2.0}, {""from"": ""site3"", ""to"": ""site4"", ""profile"": ""rocky"", ""travel_time"": 2.5, ""energy_cost"": 4.0}]",high,4,0,True,"[5, 4, 6, 4]","[3, 5, 2, 4]","[5.0, 3.0, 3.0, 4.0]","[8.0, 8.0, 8.5, 12.0]",unsolvable,False,sat-hadd,30.0,3.807642,0,,,,,,,,,,,,0,0,0,0,0,0,/mnt/c/Users/Endri/Desktop/planetary-rover-experimental-study/experiments/generated_problems/battery_final_unseen/rover-battery-n4-mem-low-corr-high-seed-12.pddl,/mnt/c/Users/Endri/Desktop/planetary-rover-experimental-study/experiments/generated_problems/battery_final_unseen/rover-battery-n4-mem-low-corr-high-seed-12.json,/mnt/c/Users/Endri/Desktop/planetary-rover-experimental-study/experiments/raw_outputs/battery_final_unseen/rover-battery-n4-mem-low-corr-high-seed-12.txt,
rover-battery-n4-mem-low-corr-high-seed-13,battery,13,4,low,0.45,7.0,14.0,2.0,,2.375,9.5,1.3333333333333333,30.0,40,10.0,"[""steep"", ""easy"", ""moderate"", ""steep""]","[{""from"": ""base"", ""to"": ""site1"", ""profile"": ""steep"", ""travel_time"": 3.0, ""energy_cost"": 5.0}, {""from"": ""site1"", ""to"": ""site2"", ""profile"": ""easy"", ""travel_time"": 1.5, ""energy_cost"": 2.0}, {""from"": ""site2"", ""to"": ""site3"", ""profile"": ""moderate"", ""travel_time"": 2.0, ""energy_cost"": 3.0}, {""from"": ""site3"", ""to"": ""site4"", ""profile"": ""steep"", ""travel_time"": 3.0, ""energy_cost"": 5.0}]",high,4,0,True,"[4, 4, 3, 3]","[3, 3, 3, 3]","[4.0, 5.0, 3.0, 3.0]","[7.0, 9.5, 9.5, 12.5]",unsolvable,False,sat-hadd,30.0,2.672221,0,,,,,,,,,,,,0,0,0,0,0,0,/mnt/c/Users/Endri/Desktop/planetary-rover-experimental-study/experiments/generated_problems/battery_final_unseen/rover-battery-n4-mem-low-corr-high-seed-13.pddl,/mnt/c/Users/Endri/Desktop/planetary-rover-experimental-study/experiments/generated_problems/battery_final_unseen/rover-battery-n4-mem-low-corr-high-seed-13.json,/mnt/c/Users/Endri/Desktop/planetary-rover-experimental-study/experiments/raw_outputs/battery_final_unseen/rover-battery-n4-mem-low-corr-high-seed-13.txt,
rover-battery-n4-mem-low-corr-high-seed-14,battery,14,4,low,0.45,8.0,17.0,2.125,,2.25,9.0,1.4285714285714286,28.0,40,12.0,"[""moderate"", ""easy"", ""rocky"", ""steep""]","[{""from"": ""base"", ""to"": ""site1"", ""profile"": ""moderate"", ""travel_time"": 2.0, ""energy_cost"": 3.0}, {""from"": ""site1"", ""to"": ""site2"", ""profile"": ""easy"", ""travel_time"": 1.5, ""energy_cost"": 2.0}, {""from"": ""site2"", ""to"": ""site3"", ""profile"": ""rocky"", ""travel_time"": 2.5, ""energy_cost"": 4.0}, {""from"": ""site3"", ""to"": ""site4"", ""profile"": ""steep"", ""travel_time"": 3.0, ""energy_cost"": 5.0}]",high,4,0,True,"[2, 6, 6, 3]","[4, 4, 4, 2]","[5.0, 4.0, 5.0, 4.0]","[9.0, 8.0, 11.0, 13.0]",unsolvable,False,sat-hadd,30.0,5.286685,0,,,,,,,,,,,,0,0,0,0,0,0,/mnt/c/Users/Endri/Desktop/planetary-rover-experimental-study/experiments/generated_problems/battery_final_unseen/rover-battery-n4-mem-low-corr-high-seed-14.pddl,/mnt/c/Users/Endri/Desktop/planetary-rover-experimental-study/experiments/generated_problems/battery_final_unseen/rover-battery-n4-mem-low-corr-high-seed-14.json,/mnt/c/Users/Endri/Desktop/planetary-rover-experimental-study/experiments/raw_outputs/battery_final_unseen/rover-battery-n4-mem-low-corr-high-seed-14.txt,
rover-battery-n4-mem-medium-corr-low-seed-10,battery,10,4,medium,0.7,13.0,18.0,1.384615,,2.625,10.5,1.1764705882352942,34.0,40,6.0,"[""moderate"", ""steep"", ""rocky"", ""steep""]","[{""from"": ""base"", ""to"": ""site1"", ""profile"": ""moderate"", ""travel_time"": 2.0, ""energy_cost"": 3.0}, {""from"": ""site1"", ""to"": ""site2"", ""profile"": ""steep"", ""travel_time"": 3.0, ""energy_cost"": 5.0}, {""from"": ""site2"", ""to"": ""site3"", ""profile"": ""rocky"", ""travel_time"": 2.5, ""energy_cost"": 4.0}, {""from"": ""site3"", ""to"": ""site4"", ""profile"": ""steep"", ""travel_time"": 3.0, ""energy_cost"": 5.0}]",low,4,0,True,"[6, 2, 5, 5]","[2, 3, 5, 5]","[14.0, 14.0, 14.0, 10.0]","[16.0, 19.0, 21.5, 20.5]",solved,True,sat-hadd,30.0,9.588366,0,59,27.0,27.0,25.0,25.0,2.0,40.0,0.0,1.0,True,True,18,10,4,4,11,27.0,/mnt/c/Users/Endri/Desktop/planetary-rover-experimental-study/experiments/generated_problems/battery_final_unseen/rover-battery-n4-mem-medium-corr-low-seed-10.pddl,/mnt/c/Users/Endri/Desktop/planetary-rover-experimental-study/experiments/generated_problems/battery_final_unseen/rover-battery-n4-mem-medium-corr-low-seed-10.json,/mnt/c/Users/Endri/Desktop/planetary-rover-experimental-study/experiments/raw_outputs/battery_final_unseen/rover-battery-n4-mem-medium-corr-low-seed-10.txt,
rover-battery-n4-mem-medium-corr-low-seed-11,battery,11,4,medium,0.7,15.0,21.0,1.4,,2.375,9.5,1.3333333333333333,30.0,40,10.0,"[""steep"", ""easy"", ""rocky"", ""rocky""]","[{""from"": ""base"", ""to"": ""site1"", ""profile"": ""steep"", ""travel_time"": 3.0, ""energy_cost"": 5.0}, {""from"": ""site1"", ""to"": ""site2"", ""profile"": ""easy"", ""travel_time"": 1.5, ""energy_cost"": 2.0}, {""from"": ""site2"", ""to"": ""site3"", ""profile"": ""rocky"", ""travel_time"": 2.5, ""energy_cost"": 4.0}, {""from"": ""site3"", ""to"": ""site4"", ""profile"": ""rocky"", ""travel_time"": 2.5, ""energy_cost"": 4.0}]",low,4,0,True,"[5, 6, 5, 5]","[3, 3, 5, 3]","[14.0, 12.0, 10.0, 14.0]","[17.0, 16.5, 17.0, 23.5]",unsolvable,False,sat-hadd,30.0,25.433322,0,,,,,,,,,,,,0,0,0,0,0,0,/mnt/c/Users/Endri/Desktop/planetary-rover-experimental-study/experiments/generated_problems/battery_final_unseen/rover-battery-n4-mem-medium-corr-low-seed-11.pddl,/mnt/c/Users/Endri/Desktop/planetary-rover-experimental-study/experiments/generated_problems/battery_final_unseen/rover-battery-n4-mem-medium-corr-low-seed-11.json,/mnt/c/Users/Endri/Desktop/planetary-rover-experimental-study/experiments/raw_outputs/battery_final_unseen/rover-battery-n4-mem-medium-corr-low-seed-11.txt,
rover-battery-n4-mem-medium-corr-low-seed-12,battery,12,4,medium,0.7,14.0,19.0,1.357143,,2.0,8.0,1.6666666666666667,24.0,40,16.0,"[""moderate"", ""moderate"", ""easy"", ""rocky""]","[{""from"": ""base"", ""to"": ""site1"", ""profile"": ""moderate"", ""travel_time"": 2.0, ""energy_cost"": 3.0}, {""from"": ""site1"", ""to"": ""site2"", ""profile"": ""moderate"", ""travel_time"": 2.0, ""energy_cost"": 3.0}, {""from"": ""site2"", ""to"": ""site3"", ""profile"": ""easy"", ""travel_time"": 1.5, ""energy_cost"": 2.0}, {""from"": ""site3"", ""to"": ""site4"", ""profile"": ""rocky"", ""travel_time"": 2.5, ""energy_cost"": 4.0}]",low,4,0,True,"[5, 4, 6, 4]","[3, 5, 2, 4]","[14.0, 10.0, 10.0, 12.0]","[17.0, 15.0, 15.5, 20.0]",solved,True,sat-hadd,30.0,0.771251,0,75,35.0,35.0,27.0,27.0,8.0,40.0,0.0,1.0,True,True,22,14,4,4,15,35.0,/mnt/c/Users/Endri/Desktop/planetary-rover-experimental-study/experiments/generated_problems/battery_final_unseen/rover-battery-n4-mem-medium-corr-low-seed-12.pddl,/mnt/c/Users/Endri/Desktop/planetary-rover-experimental-study/experiments/generated_problems/battery_final_unseen/rover-battery-n4-mem-medium-corr-low-seed-12.json,/mnt/c/Users/Endri/Desktop/planetary-rover-experimental-study/experiments/raw_outputs/battery_final_unseen/rover-battery-n4-mem-medium-corr-low-seed-12.txt,
rover-battery-n4-mem-medium-corr-low-seed-13,battery,13,4,medium,0.7,10.0,14.0,1.4,,2.375,9.5,1.3333333333333333,30.0,40,10.0,"[""steep"", ""easy"", ""moderate"", ""steep""]","[{""from"": ""base"", ""to"": ""site1"", ""profile"": ""steep"", ""travel_time"": 3.0, ""energy_cost"": 5.0}, {""from"": ""site1"", ""to"": ""site2"", ""profile"": ""easy"", ""travel_time"": 1.5, ""energy_cost"": 2.0}, {""from"": ""site2"", ""to"": ""site3"", ""profile"": ""moderate"", ""travel_time"": 2.0, ""energy_cost"": 3.0}, {""from"": ""site3"", ""to"": ""site4"", ""profile"": ""steep"", ""travel_time"": 3.0, ""energy_cost"": 5.0}]",low,4,0,True,"[4, 4, 3, 3]","[3, 3, 3, 3]","[12.0, 14.0, 10.0, 10.0]","[15.0, 18.5, 16.5, 19.5]",solved,True,sat-hadd,30.0,21.166085,0,61,29.0,29.0,25.0,25.0,4.0,40.0,0.0,1.0,True,True,18,10,4,4,11,29.0,/mnt/c/Users/Endri/Desktop/planetary-rover-experimental-study/experiments/generated_problems/battery_final_unseen/rover-battery-n4-mem-medium-corr-low-seed-13.pddl,/mnt/c/Users/Endri/Desktop/planetary-rover-experimental-study/experiments/generated_problems/battery_final_unseen/rover-battery-n4-mem-medium-corr-low-seed-13.json,/mnt/c/Users/Endri/Desktop/planetary-rover-experimental-study/experiments/raw_outputs/battery_final_unseen/rover-battery-n4-mem-medium-corr-low-seed-13.txt,
rover-battery-n4-mem-medium-corr-low-seed-14,battery,14,4,medium,0.7,12.0,17.0,1.416667,,2.25,9.0,1.4285714285714286,28.0,40,12.0,"[""moderate"", ""easy"", ""rocky"", ""steep""]","[{""from"": ""base"", ""to"": ""site1"", ""profile"": ""moderate"", ""travel_time"": 2.0, ""energy_cost"": 3.0}, {""from"": ""site1"", ""to"": ""site2"", ""profile"": ""easy"", ""travel_time"": 1.5, ""energy_cost"": 2.0}, {""from"": ""site2"", ""to"": ""site3"", ""profile"": ""rocky"", ""travel_time"": 2.5, ""energy_cost"": 4.0}, {""from"": ""site3"", ""to"": ""site4"", ""profile"": ""steep"", ""travel_time"": 3.0, ""energy_cost"": 5.0}]",low,4,0,True,"[2, 6, 6, 3]","[4, 4, 4, 2]","[14.0, 12.0, 14.0, 12.0]","[18.0, 16.0, 20.0, 21.0]",solved,True,sat-hadd,30.0,7.33226,0,72,36.0,36.0,25.0,25.0,11.0,38.0,2.0,0.95,True,True,20,12,4,4,15,36.0,/mnt/c/Users/Endri/Desktop/planetary-rover-experimental-study/experiments/generated_problems/battery_final_unseen/rover-battery-n4-mem-medium-corr-low-seed-14.pddl,/mnt/c/Users/Endri/Desktop/planetary-rover-experimental-study/experiments/generated_problems/battery_final_unseen/rover-battery-n4-mem-medium-corr-low-seed-14.json,/mnt/c/Users/Endri/Desktop/planetary-rover-experimental-study/experiments/raw_outputs/battery_final_unseen/rover-battery-n4-mem-medium-corr-low-seed-14.txt,
rover-battery-n4-mem-medium-corr-medium-seed-10,battery,10,4,medium,0.7,13.0,18.0,1.384615,,2.625,10.5,1.1764705882352942,34.0,40,6.0,"[""moderate"", ""steep"", ""rocky"", ""steep""]","[{""from"": ""base"", ""to"": ""site1"", ""profile"": ""moderate"", ""travel_time"": 2.0, ""energy_cost"": 3.0}, {""from"": ""site1"", ""to"": ""site2"", ""profile"": ""steep"", ""travel_time"": 3.0, ""energy_cost"": 5.0}, {""from"": ""site2"", ""to"": ""site3"", ""profile"": ""rocky"", ""travel_time"": 2.5, ""energy_cost"": 4.0}, {""from"": ""site3"", ""to"": ""site4"", ""profile"": ""steep"", ""travel_time"": 3.0, ""energy_cost"": 5.0}]",medium,4,0,True,"[6, 2, 5, 5]","[2, 3, 5, 5]","[10.0, 10.0, 10.0, 6.0]","[12.0, 15.0, 17.5, 16.5]",solved,True,sat-hadd,30.0,7.476679,0,63,31.0,31.0,25.0,25.0,6.0,40.0,0.0,1.0,True,True,18,10,4,4,12,31.0,/mnt/c/Users/Endri/Desktop/planetary-rover-experimental-study/experiments/generated_problems/battery_final_unseen/rover-battery-n4-mem-medium-corr-medium-seed-10.pddl,/mnt/c/Users/Endri/Desktop/planetary-rover-experimental-study/experiments/generated_problems/battery_final_unseen/rover-battery-n4-mem-medium-corr-medium-seed-10.json,/mnt/c/Users/Endri/Desktop/planetary-rover-experimental-study/experiments/raw_outputs/battery_final_unseen/rover-battery-n4-mem-medium-corr-medium-seed-10.txt,
rover-battery-n4-mem-medium-corr-medium-seed-11,battery,11,4,medium,0.7,15.0,21.0,1.4,,2.375,9.5,1.3333333333333333,30.0,40,10.0,"[""steep"", ""easy"", ""rocky"", ""rocky""]","[{""from"": ""base"", ""to"": ""site1"", ""profile"": ""steep"", ""travel_time"": 3.0, ""energy_cost"": 5.0}, {""from"": ""site1"", ""to"": ""site2"", ""profile"": ""easy"", ""travel_time"": 1.5, ""energy_cost"": 2.0}, {""from"": ""site2"", ""to"": ""site3"", ""profile"": ""rocky"", ""travel_time"": 2.5, ""energy_cost"": 4.0}, {""from"": ""site3"", ""to"": ""site4"", ""profile"": ""rocky"", ""travel_time"": 2.5, ""energy_cost"": 4.0}]",medium,4,0,True,"[5, 6, 5, 5]","[3, 3, 5, 3]","[10.0, 8.0, 6.0, 10.0]","[13.0, 12.5, 13.0, 19.5]",unsolvable,False,sat-hadd,30.0,9.657846,0,,,,,,,,,,,,0,0,0,0,0,0,/mnt/c/Users/Endri/Desktop/planetary-rover-experimental-study/experiments/generated_problems/battery_final_unseen/rover-battery-n4-mem-medium-corr-medium-seed-11.pddl,/mnt/c/Users/Endri/Desktop/planetary-rover-experimental-study/experiments/generated_problems/battery_final_unseen/rover-battery-n4-mem-medium-corr-medium-seed-11.json,/mnt/c/Users/Endri/Desktop/planetary-rover-experimental-study/experiments/raw_outputs/battery_final_unseen/rover-battery-n4-mem-medium-corr-medium-seed-11.txt,
rover-battery-n4-mem-medium-corr-medium-seed-12,battery,12,4,medium,0.7,14.0,19.0,1.357143,,2.0,8.0,1.6666666666666667,24.0,40,16.0,"[""moderate"", ""moderate"", ""easy"", ""rocky""]","[{""from"": ""base"", ""to"": ""site1"", ""profile"": ""moderate"", ""travel_time"": 2.0, ""energy_cost"": 3.0}, {""from"": ""site1"", ""to"": ""site2"", ""profile"": ""moderate"", ""travel_time"": 2.0, ""energy_cost"": 3.0}, {""from"": ""site2"", ""to"": ""site3"", ""profile"": ""easy"", ""travel_time"": 1.5, ""energy_cost"": 2.0}, {""from"": ""site3"", ""to"": ""site4"", ""profile"": ""rocky"", ""travel_time"": 2.5, ""energy_cost"": 4.0}]",medium,4,0,True,"[5, 4, 6, 4]","[3, 5, 2, 4]","[10.0, 6.0, 6.0, 8.0]","[13.0, 11.0, 11.5, 16.0]",solved,True,sat-hadd,30.0,0.639097,0,77,37.0,37.0,27.0,27.0,10.0,40.0,0.0,1.0,True,True,22,14,4,4,17,37.0,/mnt/c/Users/Endri/Desktop/planetary-rover-experimental-study/experiments/generated_problems/battery_final_unseen/rover-battery-n4-mem-medium-corr-medium-seed-12.pddl,/mnt/c/Users/Endri/Desktop/planetary-rover-experimental-study/experiments/generated_problems/battery_final_unseen/rover-battery-n4-mem-medium-corr-medium-seed-12.json,/mnt/c/Users/Endri/Desktop/planetary-rover-experimental-study/experiments/raw_outputs/battery_final_unseen/rover-battery-n4-mem-medium-corr-medium-seed-12.txt,
rover-battery-n4-mem-medium-corr-medium-seed-13,battery,13,4,medium,0.7,10.0,14.0,1.4,,2.375,9.5,1.3333333333333333,30.0,40,10.0,"[""steep"", ""easy"", ""moderate"", ""steep""]","[{""from"": ""base"", ""to"": ""site1"", ""profile"": ""steep"", ""travel_time"": 3.0, ""energy_cost"": 5.0}, {""from"": ""site1"", ""to"": ""site2"", ""profile"": ""easy"", ""travel_time"": 1.5, ""energy_cost"": 2.0}, {""from"": ""site2"", ""to"": ""site3"", ""profile"": ""moderate"", ""travel_time"": 2.0, ""energy_cost"": 3.0}, {""from"": ""site3"", ""to"": ""site4"", ""profile"": ""steep"", ""travel_time"": 3.0, ""energy_cost"": 5.0}]",medium,4,0,True,"[4, 4, 3, 3]","[3, 3, 3, 3]","[8.0, 10.0, 6.0, 6.0]","[11.0, 14.5, 12.5, 15.5]",solved,True,sat-hadd,30.0,9.191791,0,65,33.0,33.0,25.0,25.0,8.0,40.0,0.0,1.0,True,True,18,10,4,4,13,33.0,/mnt/c/Users/Endri/Desktop/planetary-rover-experimental-study/experiments/generated_problems/battery_final_unseen/rover-battery-n4-mem-medium-corr-medium-seed-13.pddl,/mnt/c/Users/Endri/Desktop/planetary-rover-experimental-study/experiments/generated_problems/battery_final_unseen/rover-battery-n4-mem-medium-corr-medium-seed-13.json,/mnt/c/Users/Endri/Desktop/planetary-rover-experimental-study/experiments/raw_outputs/battery_final_unseen/rover-battery-n4-mem-medium-corr-medium-seed-13.txt,
rover-battery-n4-mem-medium-corr-medium-seed-14,battery,14,4,medium,0.7,12.0,17.0,1.416667,,2.25,9.0,1.4285714285714286,28.0,40,12.0,"[""moderate"", ""easy"", ""rocky"", ""steep""]","[{""from"": ""base"", ""to"": ""site1"", ""profile"": ""moderate"", ""travel_time"": 2.0, ""energy_cost"": 3.0}, {""from"": ""site1"", ""to"": ""site2"", ""profile"": ""easy"", ""travel_time"": 1.5, ""energy_cost"": 2.0}, {""from"": ""site2"", ""to"": ""site3"", ""profile"": ""rocky"", ""travel_time"": 2.5, ""energy_cost"": 4.0}, {""from"": ""site3"", ""to"": ""site4"", ""profile"": ""steep"", ""travel_time"": 3.0, ""energy_cost"": 5.0}]",medium,4,0,True,"[2, 6, 6, 3]","[4, 4, 4, 2]","[10.0, 8.0, 10.0, 8.0]","[14.0, 12.0, 16.0, 17.0]",solved,True,sat-hadd,30.0,1.460984,0,68,32.0,32.0,25.0,25.0,7.0,38.0,2.0,0.95,True,True,20,12,4,4,14,32.0,/mnt/c/Users/Endri/Desktop/planetary-rover-experimental-study/experiments/generated_problems/battery_final_unseen/rover-battery-n4-mem-medium-corr-medium-seed-14.pddl,/mnt/c/Users/Endri/Desktop/planetary-rover-experimental-study/experiments/generated_problems/battery_final_unseen/rover-battery-n4-mem-medium-corr-medium-seed-14.json,/mnt/c/Users/Endri/Desktop/planetary-rover-experimental-study/experiments/raw_outputs/battery_final_unseen/rover-battery-n4-mem-medium-corr-medium-seed-14.txt,
rover-battery-n4-mem-medium-corr-high-seed-10,battery,10,4,medium,0.7,13.0,18.0,1.384615,,2.625,10.5,1.1764705882352942,34.0,40,6.0,"[""moderate"", ""steep"", ""rocky"", ""steep""]","[{""from"": ""base"", ""to"": ""site1"", ""profile"": ""moderate"", ""travel_time"": 2.0, ""energy_cost"": 3.0}, {""from"": ""site1"", ""to"": ""site2"", ""profile"": ""steep"", ""travel_time"": 3.0, ""energy_cost"": 5.0}, {""from"": ""site2"", ""to"": ""site3"", ""profile"": ""rocky"", ""travel_time"": 2.5, ""energy_cost"": 4.0}, {""from"": ""site3"", ""to"": ""site4"", ""profile"": ""steep"", ""travel_time"": 3.0, ""energy_cost"": 5.0}]",high,4,0,True,"[6, 2, 5, 5]","[2, 3, 5, 5]","[5.0, 5.0, 5.0, 3.0]","[7.0, 10.0, 12.5, 13.5]",solved,True,sat-hadd,30.0,1.85824,0,62,30.0,30.0,25.0,25.0,5.0,40.0,0.0,1.0,True,True,18,10,4,4,12,30.0,/mnt/c/Users/Endri/Desktop/planetary-rover-experimental-study/experiments/generated_problems/battery_final_unseen/rover-battery-n4-mem-medium-corr-high-seed-10.pddl,/mnt/c/Users/Endri/Desktop/planetary-rover-experimental-study/experiments/generated_problems/battery_final_unseen/rover-battery-n4-mem-medium-corr-high-seed-10.json,/mnt/c/Users/Endri/Desktop/planetary-rover-experimental-study/experiments/raw_outputs/battery_final_unseen/rover-battery-n4-mem-medium-corr-high-seed-10.txt,
rover-battery-n4-mem-medium-corr-high-seed-11,battery,11,4,medium,0.7,15.0,21.0,1.4,,2.375,9.5,1.3333333333333333,30.0,40,10.0,"[""steep"", ""easy"", ""rocky"", ""rocky""]","[{""from"": ""base"", ""to"": ""site1"", ""profile"": ""steep"", ""travel_time"": 3.0, ""energy_cost"": 5.0}, {""from"": ""site1"", ""to"": ""site2"", ""profile"": ""easy"", ""travel_time"": 1.5, ""energy_cost"": 2.0}, {""from"": ""site2"", ""to"": ""site3"", ""profile"": ""rocky"", ""travel_time"": 2.5, ""energy_cost"": 4.0}, {""from"": ""site3"", ""to"": ""site4"", ""profile"": ""rocky"", ""travel_time"": 2.5, ""energy_cost"": 4.0}]",high,4,0,True,"[5, 6, 5, 5]","[3, 3, 5, 3]","[5.0, 4.0, 3.0, 5.0]","[8.0, 8.5, 10.0, 14.5]",unsolvable,False,sat-hadd,30.0,2.689479,0,,,,,,,,,,,,0,0,0,0,0,0,/mnt/c/Users/Endri/Desktop/planetary-rover-experimental-study/experiments/generated_problems/battery_final_unseen/rover-battery-n4-mem-medium-corr-high-seed-11.pddl,/mnt/c/Users/Endri/Desktop/planetary-rover-experimental-study/experiments/generated_problems/battery_final_unseen/rover-battery-n4-mem-medium-corr-high-seed-11.json,/mnt/c/Users/Endri/Desktop/planetary-rover-experimental-study/experiments/raw_outputs/battery_final_unseen/rover-battery-n4-mem-medium-corr-high-seed-11.txt,
rover-battery-n4-mem-medium-corr-high-seed-12,battery,12,4,medium,0.7,14.0,19.0,1.357143,,2.0,8.0,1.6666666666666667,24.0,40,16.0,"[""moderate"", ""moderate"", ""easy"", ""rocky""]","[{""from"": ""base"", ""to"": ""site1"", ""profile"": ""moderate"", ""travel_time"": 2.0, ""energy_cost"": 3.0}, {""from"": ""site1"", ""to"": ""site2"", ""profile"": ""moderate"", ""travel_time"": 2.0, ""energy_cost"": 3.0}, {""from"": ""site2"", ""to"": ""site3"", ""profile"": ""easy"", ""travel_time"": 1.5, ""energy_cost"": 2.0}, {""from"": ""site3"", ""to"": ""site4"", ""profile"": ""rocky"", ""travel_time"": 2.5, ""energy_cost"": 4.0}]",high,4,0,True,"[5, 4, 6, 4]","[3, 5, 2, 4]","[5.0, 3.0, 3.0, 4.0]","[8.0, 8.0, 8.5, 12.0]",solved,True,sat-hadd,30.0,0.600692,0,67,31.0,31.0,24.0,24.0,7.0,36.0,4.0,0.9,True,True,20,12,4,4,14,31.0,/mnt/c/Users/Endri/Desktop/planetary-rover-experimental-study/experiments/generated_problems/battery_final_unseen/rover-battery-n4-mem-medium-corr-high-seed-12.pddl,/mnt/c/Users/Endri/Desktop/planetary-rover-experimental-study/experiments/generated_problems/battery_final_unseen/rover-battery-n4-mem-medium-corr-high-seed-12.json,/mnt/c/Users/Endri/Desktop/planetary-rover-experimental-study/experiments/raw_outputs/battery_final_unseen/rover-battery-n4-mem-medium-corr-high-seed-12.txt,
rover-battery-n4-mem-medium-corr-high-seed-13,battery,13,4,medium,0.7,10.0,14.0,1.4,,2.375,9.5,1.3333333333333333,30.0,40,10.0,"[""steep"", ""easy"", ""moderate"", ""steep""]","[{""from"": ""base"", ""to"": ""site1"", ""profile"": ""steep"", ""travel_time"": 3.0, ""energy_cost"": 5.0}, {""from"": ""site1"", ""to"": ""site2"", ""profile"": ""easy"", ""travel_time"": 1.5, ""energy_cost"": 2.0}, {""from"": ""site2"", ""to"": ""site3"", ""profile"": ""moderate"", ""travel_time"": 2.0, ""energy_cost"": 3.0}, {""from"": ""site3"", ""to"": ""site4"", ""profile"": ""steep"", ""travel_time"": 3.0, ""energy_cost"": 5.0}]",high,4,0,True,"[4, 4, 3, 3]","[3, 3, 3, 3]","[4.0, 5.0, 3.0, 3.0]","[7.0, 9.5, 9.5, 12.5]",solved,True,sat-hadd,30.0,2.603416,0,63,31.0,31.0,25.0,25.0,6.0,40.0,0.0,1.0,True,True,18,10,4,4,12,31.0,/mnt/c/Users/Endri/Desktop/planetary-rover-experimental-study/experiments/generated_problems/battery_final_unseen/rover-battery-n4-mem-medium-corr-high-seed-13.pddl,/mnt/c/Users/Endri/Desktop/planetary-rover-experimental-study/experiments/generated_problems/battery_final_unseen/rover-battery-n4-mem-medium-corr-high-seed-13.json,/mnt/c/Users/Endri/Desktop/planetary-rover-experimental-study/experiments/raw_outputs/battery_final_unseen/rover-battery-n4-mem-medium-corr-high-seed-13.txt,
rover-battery-n4-mem-medium-corr-high-seed-14,battery,14,4,medium,0.7,12.0,17.0,1.416667,,2.25,9.0,1.4285714285714286,28.0,40,12.0,"[""moderate"", ""easy"", ""rocky"", ""steep""]","[{""from"": ""base"", ""to"": ""site1"", ""profile"": ""moderate"", ""travel_time"": 2.0, ""energy_cost"": 3.0}, {""from"": ""site1"", ""to"": ""site2"", ""profile"": ""easy"", ""travel_time"": 1.5, ""energy_cost"": 2.0}, {""from"": ""site2"", ""to"": ""site3"", ""profile"": ""rocky"", ""travel_time"": 2.5, ""energy_cost"": 4.0}, {""from"": ""site3"", ""to"": ""site4"", ""profile"": ""steep"", ""travel_time"": 3.0, ""energy_cost"": 5.0}]",high,4,0,True,"[2, 6, 6, 3]","[4, 4, 4, 2]","[5.0, 4.0, 5.0, 4.0]","[9.0, 8.0, 11.0, 13.0]",solved,True,sat-hadd,30.0,0.562635,0,68,32.0,32.0,25.0,25.0,7.0,38.0,2.0,0.95,True,True,20,12,4,4,14,32.0,/mnt/c/Users/Endri/Desktop/planetary-rover-experimental-study/experiments/generated_problems/battery_final_unseen/rover-battery-n4-mem-medium-corr-high-seed-14.pddl,/mnt/c/Users/Endri/Desktop/planetary-rover-experimental-study/experiments/generated_problems/battery_final_unseen/rover-battery-n4-mem-medium-corr-high-seed-14.json,/mnt/c/Users/Endri/Desktop/planetary-rover-experimental-study/experiments/raw_outputs/battery_final_unseen/rover-battery-n4-mem-medium-corr-high-seed-14.txt,
rover-battery-n4-mem-high-corr-low-seed-10,battery,10,4,high,1.0,18.0,18.0,1.0,,2.625,10.5,1.1764705882352942,34.0,40,6.0,"[""moderate"", ""steep"", ""rocky"", ""steep""]","[{""from"": ""base"", ""to"": ""site1"", ""profile"": ""moderate"", ""travel_time"": 2.0, ""energy_cost"": 3.0}, {""from"": ""site1"", ""to"": ""site2"", ""profile"": ""steep"", ""travel_time"": 3.0, ""energy_cost"": 5.0}, {""from"": ""site2"", ""to"": ""site3"", ""profile"": ""rocky"", ""travel_time"": 2.5, ""energy_cost"": 4.0}, {""from"": ""site3"", ""to"": ""site4"", ""profile"": ""steep"", ""travel_time"": 3.0, ""energy_cost"": 5.0}]",low,4,0,True,"[6, 2, 5, 5]","[2, 3, 5, 5]","[14.0, 14.0, 14.0, 10.0]","[16.0, 19.0, 21.5, 20.5]",solved,True,sat-hadd,30.0,9.427688,0,51,23.0,23.0,21.0,21.0,2.0,34.0,6.0,0.85,True,True,16,8,4,4,9,23.0,/mnt/c/Users/Endri/Desktop/planetary-rover-experimental-study/experiments/generated_problems/battery_final_unseen/rover-battery-n4-mem-high-corr-low-seed-10.pddl,/mnt/c/Users/Endri/Desktop/planetary-rover-experimental-study/experiments/generated_problems/battery_final_unseen/rover-battery-n4-mem-high-corr-low-seed-10.json,/mnt/c/Users/Endri/Desktop/planetary-rover-experimental-study/experiments/raw_outputs/battery_final_unseen/rover-battery-n4-mem-high-corr-low-seed-10.txt,
rover-battery-n4-mem-high-corr-low-seed-11,battery,11,4,high,1.0,21.0,21.0,1.0,,2.375,9.5,1.3333333333333333,30.0,40,10.0,"[""steep"", ""easy"", ""rocky"", ""rocky""]","[{""from"": ""base"", ""to"": ""site1"", ""profile"": ""steep"", ""travel_time"": 3.0, ""energy_cost"": 5.0}, {""from"": ""site1"", ""to"": ""site2"", ""profile"": ""easy"", ""travel_time"": 1.5, ""energy_cost"": 2.0}, {""from"": ""site2"", ""to"": ""site3"", ""profile"": ""rocky"", ""travel_time"": 2.5, ""energy_cost"": 4.0}, {""from"": ""site3"", ""to"": ""site4"", ""profile"": ""rocky"", ""travel_time"": 2.5, ""energy_cost"": 4.0}]",low,4,0,True,"[5, 6, 5, 5]","[3, 3, 5, 3]","[14.0, 12.0, 10.0, 14.0]","[17.0, 16.5, 17.0, 23.5]",solved,True,sat-hadd,30.0,25.212639,0,52,24.0,24.0,19.0,19.0,5.0,30.0,10.0,0.75,True,True,16,8,4,4,9,24.0,/mnt/c/Users/Endri/Desktop/planetary-rover-experimental-study/experiments/generated_problems/battery_final_unseen/rover-battery-n4-mem-high-corr-low-seed-11.pddl,/mnt/c/Users/Endri/Desktop/planetary-rover-experimental-study/experiments/generated_problems/battery_final_unseen/rover-battery-n4-mem-high-corr-low-seed-11.json,/mnt/c/Users/Endri/Desktop/planetary-rover-experimental-study/experiments/raw_outputs/battery_final_unseen/rover-battery-n4-mem-high-corr-low-seed-11.txt,
rover-battery-n4-mem-high-corr-low-seed-12,battery,12,4,high,1.0,19.0,19.0,1.0,,2.0,8.0,1.6666666666666667,24.0,40,16.0,"[""moderate"", ""moderate"", ""easy"", ""rocky""]","[{""from"": ""base"", ""to"": ""site1"", ""profile"": ""moderate"", ""travel_time"": 2.0, ""energy_cost"": 3.0}, {""from"": ""site1"", ""to"": ""site2"", ""profile"": ""moderate"", ""travel_time"": 2.0, ""energy_cost"": 3.0}, {""from"": ""site2"", ""to"": ""site3"", ""profile"": ""easy"", ""travel_time"": 1.5, ""energy_cost"": 2.0}, {""from"": ""site3"", ""to"": ""site4"", ""profile"": ""rocky"", ""travel_time"": 2.5, ""energy_cost"": 4.0}]",low,4,0,True,"[5, 4, 6, 4]","[3, 5, 2, 4]","[14.0, 10.0, 10.0, 12.0]","[17.0, 15.0, 15.5, 20.0]",solved,True,sat-hadd,30.0,0.530249,0,80,40.0,40.0,27.0,27.0,13.0,40.0,0.0,1.0,True,True,22,14,4,4,17,40.0,/mnt/c/Users/Endri/Desktop/planetary-rover-experimental-study/experiments/generated_problems/battery_final_unseen/rover-battery-n4-mem-high-corr-low-seed-12.pddl,/mnt/c/Users/Endri/Desktop/planetary-rover-experimental-study/experiments/generated_problems/battery_final_unseen/rover-battery-n4-mem-high-corr-low-seed-12.json,/mnt/c/Users/Endri/Desktop/planetary-rover-experimental-study/experiments/raw_outputs/battery_final_unseen/rover-battery-n4-mem-high-corr-low-seed-12.txt,
rover-battery-n4-mem-high-corr-low-seed-13,battery,13,4,high,1.0,14.0,14.0,1.0,,2.375,9.5,1.3333333333333333,30.0,40,10.0,"[""steep"", ""easy"", ""moderate"", ""steep""]","[{""from"": ""base"", ""to"": ""site1"", ""profile"": ""steep"", ""travel_time"": 3.0, ""energy_cost"": 5.0}, {""from"": ""site1"", ""to"": ""site2"", ""profile"": ""easy"", ""travel_time"": 1.5, ""energy_cost"": 2.0}, {""from"": ""site2"", ""to"": ""site3"", ""profile"": ""moderate"", ""travel_time"": 2.0, ""energy_cost"": 3.0}, {""from"": ""site3"", ""to"": ""site4"", ""profile"": ""steep"", ""travel_time"": 3.0, ""energy_cost"": 5.0}]",low,4,0,True,"[4, 4, 3, 3]","[3, 3, 3, 3]","[12.0, 14.0, 10.0, 10.0]","[15.0, 18.5, 16.5, 19.5]",timeout,False,sat-hadd,30.0,30.119575,124,,,,,,,,,,,,0,0,0,0,0,0.0,/mnt/c/Users/Endri/Desktop/planetary-rover-experimental-study/experiments/generated_problems/battery_final_unseen/rover-battery-n4-mem-high-corr-low-seed-13.pddl,/mnt/c/Users/Endri/Desktop/planetary-rover-experimental-study/experiments/generated_problems/battery_final_unseen/rover-battery-n4-mem-high-corr-low-seed-13.json,/mnt/c/Users/Endri/Desktop/planetary-rover-experimental-study/experiments/raw_outputs/battery_final_unseen/rover-battery-n4-mem-high-corr-low-seed-13.txt,
rover-battery-n4-mem-high-corr-low-seed-14,battery,14,4,high,1.0,17.0,17.0,1.0,,2.25,9.0,1.4285714285714286,28.0,40,12.0,"[""moderate"", ""easy"", ""rocky"", ""steep""]","[{""from"": ""base"", ""to"": ""site1"", ""profile"": ""moderate"", ""travel_time"": 2.0, ""energy_cost"": 3.0}, {""from"": ""site1"", ""to"": ""site2"", ""profile"": ""easy"", ""travel_time"": 1.5, ""energy_cost"": 2.0}, {""from"": ""site2"", ""to"": ""site3"", ""profile"": ""rocky"", ""travel_time"": 2.5, ""energy_cost"": 4.0}, {""from"": ""site3"", ""to"": ""site4"", ""profile"": ""steep"", ""travel_time"": 3.0, ""energy_cost"": 5.0}]",low,4,0,True,"[2, 6, 6, 3]","[4, 4, 4, 2]","[14.0, 12.0, 14.0, 12.0]","[18.0, 16.0, 20.0, 21.0]",solved,True,sat-hadd,30.0,15.911559,0,72,36.0,36.0,25.0,25.0,11.0,38.0,2.0,0.95,True,True,20,12,4,4,15,36.0,/mnt/c/Users/Endri/Desktop/planetary-rover-experimental-study/experiments/generated_problems/battery_final_unseen/rover-battery-n4-mem-high-corr-low-seed-14.pddl,/mnt/c/Users/Endri/Desktop/planetary-rover-experimental-study/experiments/generated_problems/battery_final_unseen/rover-battery-n4-mem-high-corr-low-seed-14.json,/mnt/c/Users/Endri/Desktop/planetary-rover-experimental-study/experiments/raw_outputs/battery_final_unseen/rover-battery-n4-mem-high-corr-low-seed-14.txt,
rover-battery-n4-mem-high-corr-medium-seed-10,battery,10,4,high,1.0,18.0,18.0,1.0,,2.625,10.5,1.1764705882352942,34.0,40,6.0,"[""moderate"", ""steep"", ""rocky"", ""steep""]","[{""from"": ""base"", ""to"": ""site1"", ""profile"": ""moderate"", ""travel_time"": 2.0, ""energy_cost"": 3.0}, {""from"": ""site1"", ""to"": ""site2"", ""profile"": ""steep"", ""travel_time"": 3.0, ""energy_cost"": 5.0}, {""from"": ""site2"", ""to"": ""site3"", ""profile"": ""rocky"", ""travel_time"": 2.5, ""energy_cost"": 4.0}, {""from"": ""site3"", ""to"": ""site4"", ""profile"": ""steep"", ""travel_time"": 3.0, ""energy_cost"": 5.0}]",medium,4,0,True,"[6, 2, 5, 5]","[2, 3, 5, 5]","[10.0, 10.0, 10.0, 6.0]","[12.0, 15.0, 17.5, 16.5]",solved,True,sat-hadd,30.0,7.314771,0,63,31.0,31.0,25.0,25.0,6.0,40.0,0.0,1.0,True,True,18,10,4,4,12,31.0,/mnt/c/Users/Endri/Desktop/planetary-rover-experimental-study/experiments/generated_problems/battery_final_unseen/rover-battery-n4-mem-high-corr-medium-seed-10.pddl,/mnt/c/Users/Endri/Desktop/planetary-rover-experimental-study/experiments/generated_problems/battery_final_unseen/rover-battery-n4-mem-high-corr-medium-seed-10.json,/mnt/c/Users/Endri/Desktop/planetary-rover-experimental-study/experiments/raw_outputs/battery_final_unseen/rover-battery-n4-mem-high-corr-medium-seed-10.txt,
rover-battery-n4-mem-high-corr-medium-seed-11,battery,11,4,high,1.0,21.0,21.0,1.0,,2.375,9.5,1.3333333333333333,30.0,40,10.0,"[""steep"", ""easy"", ""rocky"", ""rocky""]","[{""from"": ""base"", ""to"": ""site1"", ""profile"": ""steep"", ""travel_time"": 3.0, ""energy_cost"": 5.0}, {""from"": ""site1"", ""to"": ""site2"", ""profile"": ""easy"", ""travel_time"": 1.5, ""energy_cost"": 2.0}, {""from"": ""site2"", ""to"": ""site3"", ""profile"": ""rocky"", ""travel_time"": 2.5, ""energy_cost"": 4.0}, {""from"": ""site3"", ""to"": ""site4"", ""profile"": ""rocky"", ""travel_time"": 2.5, ""energy_cost"": 4.0}]",medium,4,0,True,"[5, 6, 5, 5]","[3, 3, 5, 3]","[10.0, 8.0, 6.0, 10.0]","[13.0, 12.5, 13.0, 19.5]",solved,True,sat-hadd,30.0,7.636074,0,70,38.0,38.0,25.0,25.0,13.0,40.0,0.0,1.0,True,True,18,10,4,4,13,38.0,/mnt/c/Users/Endri/Desktop/planetary-rover-experimental-study/experiments/generated_problems/battery_final_unseen/rover-battery-n4-mem-high-corr-medium-seed-11.pddl,/mnt/c/Users/Endri/Desktop/planetary-rover-experimental-study/experiments/generated_problems/battery_final_unseen/rover-battery-n4-mem-high-corr-medium-seed-11.json,/mnt/c/Users/Endri/Desktop/planetary-rover-experimental-study/experiments/raw_outputs/battery_final_unseen/rover-battery-n4-mem-high-corr-medium-seed-11.txt,
rover-battery-n4-mem-high-corr-medium-seed-12,battery,12,4,high,1.0,19.0,19.0,1.0,,2.0,8.0,1.6666666666666667,24.0,40,16.0,"[""moderate"", ""moderate"", ""easy"", ""rocky""]","[{""from"": ""base"", ""to"": ""site1"", ""profile"": ""moderate"", ""travel_time"": 2.0, ""energy_cost"": 3.0}, {""from"": ""site1"", ""to"": ""site2"", ""profile"": ""moderate"", ""travel_time"": 2.0, ""energy_cost"": 3.0}, {""from"": ""site2"", ""to"": ""site3"", ""profile"": ""easy"", ""travel_time"": 1.5, ""energy_cost"": 2.0}, {""from"": ""site3"", ""to"": ""site4"", ""profile"": ""rocky"", ""travel_time"": 2.5, ""energy_cost"": 4.0}]",medium,4,0,True,"[5, 4, 6, 4]","[3, 5, 2, 4]","[10.0, 6.0, 6.0, 8.0]","[13.0, 11.0, 11.5, 16.0]",solved,True,sat-hadd,30.0,0.58689,0,76,36.0,36.0,27.0,27.0,9.0,40.0,0.0,1.0,True,True,22,14,4,4,16,36.0,/mnt/c/Users/Endri/Desktop/planetary-rover-experimental-study/experiments/generated_problems/battery_final_unseen/rover-battery-n4-mem-high-corr-medium-seed-12.pddl,/mnt/c/Users/Endri/Desktop/planetary-rover-experimental-study/experiments/generated_problems/battery_final_unseen/rover-battery-n4-mem-high-corr-medium-seed-12.json,/mnt/c/Users/Endri/Desktop/planetary-rover-experimental-study/experiments/raw_outputs/battery_final_unseen/rover-battery-n4-mem-high-corr-medium-seed-12.txt,
rover-battery-n4-mem-high-corr-medium-seed-13,battery,13,4,high,1.0,14.0,14.0,1.0,,2.375,9.5,1.3333333333333333,30.0,40,10.0,"[""steep"", ""easy"", ""moderate"", ""steep""]","[{""from"": ""base"", ""to"": ""site1"", ""profile"": ""steep"", ""travel_time"": 3.0, ""energy_cost"": 5.0}, {""from"": ""site1"", ""to"": ""site2"", ""profile"": ""easy"", ""travel_time"": 1.5, ""energy_cost"": 2.0}, {""from"": ""site2"", ""to"": ""site3"", ""profile"": ""moderate"", ""travel_time"": 2.0, ""energy_cost"": 3.0}, {""from"": ""site3"", ""to"": ""site4"", ""profile"": ""steep"", ""travel_time"": 3.0, ""energy_cost"": 5.0}]",medium,4,0,True,"[4, 4, 3, 3]","[3, 3, 3, 3]","[8.0, 10.0, 6.0, 6.0]","[11.0, 14.5, 12.5, 15.5]",solved,True,sat-hadd,30.0,14.158333,0,65,33.0,33.0,25.0,25.0,8.0,40.0,0.0,1.0,True,True,18,10,4,4,13,33.0,/mnt/c/Users/Endri/Desktop/planetary-rover-experimental-study/experiments/generated_problems/battery_final_unseen/rover-battery-n4-mem-high-corr-medium-seed-13.pddl,/mnt/c/Users/Endri/Desktop/planetary-rover-experimental-study/experiments/generated_problems/battery_final_unseen/rover-battery-n4-mem-high-corr-medium-seed-13.json,/mnt/c/Users/Endri/Desktop/planetary-rover-experimental-study/experiments/raw_outputs/battery_final_unseen/rover-battery-n4-mem-high-corr-medium-seed-13.txt,
rover-battery-n4-mem-high-corr-medium-seed-14,battery,14,4,high,1.0,17.0,17.0,1.0,,2.25,9.0,1.4285714285714286,28.0,40,12.0,"[""moderate"", ""easy"", ""rocky"", ""steep""]","[{""from"": ""base"", ""to"": ""site1"", ""profile"": ""moderate"", ""travel_time"": 2.0, ""energy_cost"": 3.0}, {""from"": ""site1"", ""to"": ""site2"", ""profile"": ""easy"", ""travel_time"": 1.5, ""energy_cost"": 2.0}, {""from"": ""site2"", ""to"": ""site3"", ""profile"": ""rocky"", ""travel_time"": 2.5, ""energy_cost"": 4.0}, {""from"": ""site3"", ""to"": ""site4"", ""profile"": ""steep"", ""travel_time"": 3.0, ""energy_cost"": 5.0}]",medium,4,0,True,"[2, 6, 6, 3]","[4, 4, 4, 2]","[10.0, 8.0, 10.0, 8.0]","[14.0, 12.0, 16.0, 17.0]",solved,True,sat-hadd,30.0,2.260758,0,68,32.0,32.0,25.0,25.0,7.0,38.0,2.0,0.95,True,True,20,12,4,4,14,32.0,/mnt/c/Users/Endri/Desktop/planetary-rover-experimental-study/experiments/generated_problems/battery_final_unseen/rover-battery-n4-mem-high-corr-medium-seed-14.pddl,/mnt/c/Users/Endri/Desktop/planetary-rover-experimental-study/experiments/generated_problems/battery_final_unseen/rover-battery-n4-mem-high-corr-medium-seed-14.json,/mnt/c/Users/Endri/Desktop/planetary-rover-experimental-study/experiments/raw_outputs/battery_final_unseen/rover-battery-n4-mem-high-corr-medium-seed-14.txt,
rover-battery-n4-mem-high-corr-high-seed-10,battery,10,4,high,1.0,18.0,18.0,1.0,,2.625,10.5,1.1764705882352942,34.0,40,6.0,"[""moderate"", ""steep"", ""rocky"", ""steep""]","[{""from"": ""base"", ""to"": ""site1"", ""profile"": ""moderate"", ""travel_time"": 2.0, ""energy_cost"": 3.0}, {""from"": ""site1"", ""to"": ""site2"", ""profile"": ""steep"", ""travel_time"": 3.0, ""energy_cost"": 5.0}, {""from"": ""site2"", ""to"": ""site3"", ""profile"": ""rocky"", ""travel_time"": 2.5, ""energy_cost"": 4.0}, {""from"": ""site3"", ""to"": ""site4"", ""profile"": ""steep"", ""travel_time"": 3.0, ""energy_cost"": 5.0}]",high,4,0,True,"[6, 2, 5, 5]","[2, 3, 5, 5]","[5.0, 5.0, 5.0, 3.0]","[7.0, 10.0, 12.5, 13.5]",solved,True,sat-hadd,30.0,1.817409,0,62,30.0,30.0,25.0,25.0,5.0,40.0,0.0,1.0,True,True,18,10,4,4,12,30.0,/mnt/c/Users/Endri/Desktop/planetary-rover-experimental-study/experiments/generated_problems/battery_final_unseen/rover-battery-n4-mem-high-corr-high-seed-10.pddl,/mnt/c/Users/Endri/Desktop/planetary-rover-experimental-study/experiments/generated_problems/battery_final_unseen/rover-battery-n4-mem-high-corr-high-seed-10.json,/mnt/c/Users/Endri/Desktop/planetary-rover-experimental-study/experiments/raw_outputs/battery_final_unseen/rover-battery-n4-mem-high-corr-high-seed-10.txt,
rover-battery-n4-mem-high-corr-high-seed-11,battery,11,4,high,1.0,21.0,21.0,1.0,,2.375,9.5,1.3333333333333333,30.0,40,10.0,"[""steep"", ""easy"", ""rocky"", ""rocky""]","[{""from"": ""base"", ""to"": ""site1"", ""profile"": ""steep"", ""travel_time"": 3.0, ""energy_cost"": 5.0}, {""from"": ""site1"", ""to"": ""site2"", ""profile"": ""easy"", ""travel_time"": 1.5, ""energy_cost"": 2.0}, {""from"": ""site2"", ""to"": ""site3"", ""profile"": ""rocky"", ""travel_time"": 2.5, ""energy_cost"": 4.0}, {""from"": ""site3"", ""to"": ""site4"", ""profile"": ""rocky"", ""travel_time"": 2.5, ""energy_cost"": 4.0}]",high,4,0,True,"[5, 6, 5, 5]","[3, 3, 5, 3]","[5.0, 4.0, 3.0, 5.0]","[8.0, 8.5, 10.0, 14.5]",solved,True,sat-hadd,30.0,1.868663,0,66,34.0,34.0,25.0,25.0,9.0,40.0,0.0,1.0,True,True,18,10,4,4,12,34.0,/mnt/c/Users/Endri/Desktop/planetary-rover-experimental-study/experiments/generated_problems/battery_final_unseen/rover-battery-n4-mem-high-corr-high-seed-11.pddl,/mnt/c/Users/Endri/Desktop/planetary-rover-experimental-study/experiments/generated_problems/battery_final_unseen/rover-battery-n4-mem-high-corr-high-seed-11.json,/mnt/c/Users/Endri/Desktop/planetary-rover-experimental-study/experiments/raw_outputs/battery_final_unseen/rover-battery-n4-mem-high-corr-high-seed-11.txt,
rover-battery-n4-mem-high-corr-high-seed-12,battery,12,4,high,1.0,19.0,19.0,1.0,,2.0,8.0,1.6666666666666667,24.0,40,16.0,"[""moderate"", ""moderate"", ""easy"", ""rocky""]","[{""from"": ""base"", ""to"": ""site1"", ""profile"": ""moderate"", ""travel_time"": 2.0, ""energy_cost"": 3.0}, {""from"": ""site1"", ""to"": ""site2"", ""profile"": ""moderate"", ""travel_time"": 2.0, ""energy_cost"": 3.0}, {""from"": ""site2"", ""to"": ""site3"", ""profile"": ""easy"", ""travel_time"": 1.5, ""energy_cost"": 2.0}, {""from"": ""site3"", ""to"": ""site4"", ""profile"": ""rocky"", ""travel_time"": 2.5, ""energy_cost"": 4.0}]",high,4,0,True,"[5, 4, 6, 4]","[3, 5, 2, 4]","[5.0, 3.0, 3.0, 4.0]","[8.0, 8.0, 8.5, 12.0]",solved,True,sat-hadd,30.0,0.541407,0,65,29.0,29.0,24.0,24.0,5.0,36.0,4.0,0.9,True,True,20,12,4,4,14,29.0,/mnt/c/Users/Endri/Desktop/planetary-rover-experimental-study/experiments/generated_problems/battery_final_unseen/rover-battery-n4-mem-high-corr-high-seed-12.pddl,/mnt/c/Users/Endri/Desktop/planetary-rover-experimental-study/experiments/generated_problems/battery_final_unseen/rover-battery-n4-mem-high-corr-high-seed-12.json,/mnt/c/Users/Endri/Desktop/planetary-rover-experimental-study/experiments/raw_outputs/battery_final_unseen/rover-battery-n4-mem-high-corr-high-seed-12.txt,
rover-battery-n4-mem-high-corr-high-seed-13,battery,13,4,high,1.0,14.0,14.0,1.0,,2.375,9.5,1.3333333333333333,30.0,40,10.0,"[""steep"", ""easy"", ""moderate"", ""steep""]","[{""from"": ""base"", ""to"": ""site1"", ""profile"": ""steep"", ""travel_time"": 3.0, ""energy_cost"": 5.0}, {""from"": ""site1"", ""to"": ""site2"", ""profile"": ""easy"", ""travel_time"": 1.5, ""energy_cost"": 2.0}, {""from"": ""site2"", ""to"": ""site3"", ""profile"": ""moderate"", ""travel_time"": 2.0, ""energy_cost"": 3.0}, {""from"": ""site3"", ""to"": ""site4"", ""profile"": ""steep"", ""travel_time"": 3.0, ""energy_cost"": 5.0}]",high,4,0,True,"[4, 4, 3, 3]","[3, 3, 3, 3]","[4.0, 5.0, 3.0, 3.0]","[7.0, 9.5, 9.5, 12.5]",solved,True,sat-hadd,30.0,2.969286,0,63,31.0,31.0,25.0,25.0,6.0,40.0,0.0,1.0,True,True,18,10,4,4,12,31.0,/mnt/c/Users/Endri/Desktop/planetary-rover-experimental-study/experiments/generated_problems/battery_final_unseen/rover-battery-n4-mem-high-corr-high-seed-13.pddl,/mnt/c/Users/Endri/Desktop/planetary-rover-experimental-study/experiments/generated_problems/battery_final_unseen/rover-battery-n4-mem-high-corr-high-seed-13.json,/mnt/c/Users/Endri/Desktop/planetary-rover-experimental-study/experiments/raw_outputs/battery_final_unseen/rover-battery-n4-mem-high-corr-high-seed-13.txt,
rover-battery-n4-mem-high-corr-high-seed-14,battery,14,4,high,1.0,17.0,17.0,1.0,,2.25,9.0,1.4285714285714286,28.0,40,12.0,"[""moderate"", ""easy"", ""rocky"", ""steep""]","[{""from"": ""base"", ""to"": ""site1"", ""profile"": ""moderate"", ""travel_time"": 2.0, ""energy_cost"": 3.0}, {""from"": ""site1"", ""to"": ""site2"", ""profile"": ""easy"", ""travel_time"": 1.5, ""energy_cost"": 2.0}, {""from"": ""site2"", ""to"": ""site3"", ""profile"": ""rocky"", ""travel_time"": 2.5, ""energy_cost"": 4.0}, {""from"": ""site3"", ""to"": ""site4"", ""profile"": ""steep"", ""travel_time"": 3.0, ""energy_cost"": 5.0}]",high,4,0,True,"[2, 6, 6, 3]","[4, 4, 4, 2]","[5.0, 4.0, 5.0, 4.0]","[9.0, 8.0, 11.0, 13.0]",solved,True,sat-hadd,30.0,0.531669,0,68,32.0,32.0,25.0,25.0,7.0,38.0,2.0,0.95,True,True,20,12,4,4,14,32.0,/mnt/c/Users/Endri/Desktop/planetary-rover-experimental-study/experiments/generated_problems/battery_final_unseen/rover-battery-n4-mem-high-corr-high-seed-14.pddl,/mnt/c/Users/Endri/Desktop/planetary-rover-experimental-study/experiments/generated_problems/battery_final_unseen/rover-battery-n4-mem-high-corr-high-seed-14.json,/mnt/c/Users/Endri/Desktop/planetary-rover-experimental-study/experiments/raw_outputs/battery_final_unseen/rover-battery-n4-mem-high-corr-high-seed-14.txt,
