instance_id,model,seed,dataset_count,memory_level,memory_ratio,memory_capacity,total_dataset_size,memory_utilization_ratio,travel_time_per_edge,average_travel_time_per_edge,total_one_way_travel_time,battery_capacity_multiplier,optimistic_minimum_energy,battery_capacity,battery_headroom,terrain_profiles,terrain_edges,corruption_level,safe_dataset_count,unsafe_dataset_count,all_datasets_theoretically_safe,dataset_sizes,encoding_times,corruption_margins,loss_times,status,solved,planner,timeout_seconds,wall_runtime_seconds,return_code,reported_plan_length,reported_elapsed_time,plan_makespan,travel_time_in_plan,estimated_travel_time,stationary_time,energy_used,battery_remaining,battery_utilization_ratio,battery_feasible,route_metrics_valid,action_count,move_actions,collect_actions,offload_actions,waiting_periods,total_waiting_time,problem_file,metadata_file,raw_output_file,error_message
rover-battery-n2-mem-low-corr-low-seed-0,battery,0,2,low,0.45,5.0,10.0,2.0,,1.5,3.0,5.0,8.0,40,32.0,"[""easy"", ""easy""]","[{""from"": ""base"", ""to"": ""site1"", ""profile"": ""easy"", ""travel_time"": 1.5, ""energy_cost"": 2.0}, {""from"": ""site1"", ""to"": ""site2"", ""profile"": ""easy"", ""travel_time"": 1.5, ""energy_cost"": 2.0}]",low,2,0,True,"[5, 5]","[2, 4]","[14.0, 14.0]","[16.0, 18.0]",solved,True,sat-hadd,30.0,0.394599,0,36,18.0,18.0,9.0,9.0,9.0,12.0,28.0,0.3,True,True,10,6,2,2,8,18.0,/mnt/c/Users/Endri/Desktop/planetary-rover-experimental-study/experiments/generated_problems/battery_full_calibration/rover-battery-n2-mem-low-corr-low-seed-0.pddl,/mnt/c/Users/Endri/Desktop/planetary-rover-experimental-study/experiments/generated_problems/battery_full_calibration/rover-battery-n2-mem-low-corr-low-seed-0.json,/mnt/c/Users/Endri/Desktop/planetary-rover-experimental-study/experiments/raw_outputs/battery_full_calibration/rover-battery-n2-mem-low-corr-low-seed-0.txt,
rover-battery-n2-mem-low-corr-low-seed-1,battery,1,2,low,0.45,6.0,9.0,1.5,,2.5,5.0,2.5,16.0,40,24.0,"[""steep"", ""moderate""]","[{""from"": ""base"", ""to"": ""site1"", ""profile"": ""steep"", ""travel_time"": 3.0, ""energy_cost"": 5.0}, {""from"": ""site1"", ""to"": ""site2"", ""profile"": ""moderate"", ""travel_time"": 2.0, ""energy_cost"": 3.0}]",low,2,0,True,"[3, 6]","[2, 4]","[12.0, 10.0]","[15.0, 15.0]",solved,True,sat-hadd,30.0,0.414152,0,36,18.0,18.0,16.0,16.0,2.0,26.0,14.0,0.65,True,True,10,6,2,2,6,18.0,/mnt/c/Users/Endri/Desktop/planetary-rover-experimental-study/experiments/generated_problems/battery_full_calibration/rover-battery-n2-mem-low-corr-low-seed-1.pddl,/mnt/c/Users/Endri/Desktop/planetary-rover-experimental-study/experiments/generated_problems/battery_full_calibration/rover-battery-n2-mem-low-corr-low-seed-1.json,/mnt/c/Users/Endri/Desktop/planetary-rover-experimental-study/experiments/raw_outputs/battery_full_calibration/rover-battery-n2-mem-low-corr-low-seed-1.txt,
rover-battery-n2-mem-low-corr-low-seed-2,battery,2,2,low,0.45,2.0,4.0,2.0,,2.0,4.0,3.3333333333333335,12.0,40,28.0,"[""easy"", ""rocky""]","[{""from"": ""base"", ""to"": ""site1"", ""profile"": ""easy"", ""travel_time"": 1.5, ""energy_cost"": 2.0}, {""from"": ""site1"", ""to"": ""site2"", ""profile"": ""rocky"", ""travel_time"": 2.5, ""energy_cost"": 4.0}]",low,2,0,True,"[2, 2]","[2, 4]","[12.0, 10.0]","[14.0, 14.0]",solved,True,sat-hadd,30.0,0.362532,0,38,20.0,20.0,11.0,11.0,9.0,16.0,24.0,0.4,True,True,10,6,2,2,8,20.0,/mnt/c/Users/Endri/Desktop/planetary-rover-experimental-study/experiments/generated_problems/battery_full_calibration/rover-battery-n2-mem-low-corr-low-seed-2.pddl,/mnt/c/Users/Endri/Desktop/planetary-rover-experimental-study/experiments/generated_problems/battery_full_calibration/rover-battery-n2-mem-low-corr-low-seed-2.json,/mnt/c/Users/Endri/Desktop/planetary-rover-experimental-study/experiments/raw_outputs/battery_full_calibration/rover-battery-n2-mem-low-corr-low-seed-2.txt,
rover-battery-n2-mem-low-corr-low-seed-3,battery,3,2,low,0.45,6.0,9.0,1.5,,2.75,5.5,2.2222222222222223,18.0,40,22.0,"[""steep"", ""rocky""]","[{""from"": ""base"", ""to"": ""site1"", ""profile"": ""steep"", ""travel_time"": 3.0, ""energy_cost"": 5.0}, {""from"": ""site1"", ""to"": ""site2"", ""profile"": ""rocky"", ""travel_time"": 2.5, ""energy_cost"": 4.0}]",low,2,0,True,"[3, 6]","[3, 4]","[12.0, 14.0]","[15.0, 19.5]",solved,True,sat-hadd,30.0,0.433865,0,43,25.0,25.0,17.0,17.0,8.0,28.0,12.0,0.7,True,True,10,6,2,2,8,25.0,/mnt/c/Users/Endri/Desktop/planetary-rover-experimental-study/experiments/generated_problems/battery_full_calibration/rover-battery-n2-mem-low-corr-low-seed-3.pddl,/mnt/c/Users/Endri/Desktop/planetary-rover-experimental-study/experiments/generated_problems/battery_full_calibration/rover-battery-n2-mem-low-corr-low-seed-3.json,/mnt/c/Users/Endri/Desktop/planetary-rover-experimental-study/experiments/raw_outputs/battery_full_calibration/rover-battery-n2-mem-low-corr-low-seed-3.txt,
rover-battery-n2-mem-low-corr-low-seed-4,battery,4,2,low,0.45,4.0,7.0,1.75,,2.25,4.5,2.857142857142857,14.0,40,26.0,"[""steep"", ""easy""]","[{""from"": ""base"", ""to"": ""site1"", ""profile"": ""steep"", ""travel_time"": 3.0, ""energy_cost"": 5.0}, {""from"": ""site1"", ""to"": ""site2"", ""profile"": ""easy"", ""travel_time"": 1.5, ""energy_cost"": 2.0}]",low,2,0,True,"[3, 4]","[2, 5]","[12.0, 10.0]","[15.0, 15.0]",solved,True,sat-hadd,30.0,0.432562,0,37,19.0,19.0,15.0,15.0,4.0,24.0,16.0,0.6,True,True,10,6,2,2,6,19.0,/mnt/c/Users/Endri/Desktop/planetary-rover-experimental-study/experiments/generated_problems/battery_full_calibration/rover-battery-n2-mem-low-corr-low-seed-4.pddl,/mnt/c/Users/Endri/Desktop/planetary-rover-experimental-study/experiments/generated_problems/battery_full_calibration/rover-battery-n2-mem-low-corr-low-seed-4.json,/mnt/c/Users/Endri/Desktop/planetary-rover-experimental-study/experiments/raw_outputs/battery_full_calibration/rover-battery-n2-mem-low-corr-low-seed-4.txt,
rover-battery-n2-mem-low-corr-medium-seed-0,battery,0,2,low,0.45,5.0,10.0,2.0,,1.5,3.0,5.0,8.0,40,32.0,"[""easy"", ""easy""]","[{""from"": ""base"", ""to"": ""site1"", ""profile"": ""easy"", ""travel_time"": 1.5, ""energy_cost"": 2.0}, {""from"": ""site1"", ""to"": ""site2"", ""profile"": ""easy"", ""travel_time"": 1.5, ""energy_cost"": 2.0}]",medium,2,0,True,"[5, 5]","[2, 4]","[10.0, 10.0]","[12.0, 14.0]",solved,True,sat-hadd,30.0,0.362256,0,36,18.0,18.0,9.0,9.0,9.0,12.0,28.0,0.3,True,True,10,6,2,2,8,18.0,/mnt/c/Users/Endri/Desktop/planetary-rover-experimental-study/experiments/generated_problems/battery_full_calibration/rover-battery-n2-mem-low-corr-medium-seed-0.pddl,/mnt/c/Users/Endri/Desktop/planetary-rover-experimental-study/experiments/generated_problems/battery_full_calibration/rover-battery-n2-mem-low-corr-medium-seed-0.json,/mnt/c/Users/Endri/Desktop/planetary-rover-experimental-study/experiments/raw_outputs/battery_full_calibration/rover-battery-n2-mem-low-corr-medium-seed-0.txt,
rover-battery-n2-mem-low-corr-medium-seed-1,battery,1,2,low,0.45,6.0,9.0,1.5,,2.5,5.0,2.5,16.0,40,24.0,"[""steep"", ""moderate""]","[{""from"": ""base"", ""to"": ""site1"", ""profile"": ""steep"", ""travel_time"": 3.0, ""energy_cost"": 5.0}, {""from"": ""site1"", ""to"": ""site2"", ""profile"": ""moderate"", ""travel_time"": 2.0, ""energy_cost"": 3.0}]",medium,2,0,True,"[3, 6]","[2, 4]","[8.0, 6.0]","[11.0, 11.0]",solved,True,sat-hadd,30.0,0.383638,0,36,18.0,18.0,16.0,16.0,2.0,26.0,14.0,0.65,True,True,10,6,2,2,6,18.0,/mnt/c/Users/Endri/Desktop/planetary-rover-experimental-study/experiments/generated_problems/battery_full_calibration/rover-battery-n2-mem-low-corr-medium-seed-1.pddl,/mnt/c/Users/Endri/Desktop/planetary-rover-experimental-study/experiments/generated_problems/battery_full_calibration/rover-battery-n2-mem-low-corr-medium-seed-1.json,/mnt/c/Users/Endri/Desktop/planetary-rover-experimental-study/experiments/raw_outputs/battery_full_calibration/rover-battery-n2-mem-low-corr-medium-seed-1.txt,
rover-battery-n2-mem-low-corr-medium-seed-2,battery,2,2,low,0.45,2.0,4.0,2.0,,2.0,4.0,3.3333333333333335,12.0,40,28.0,"[""easy"", ""rocky""]","[{""from"": ""base"", ""to"": ""site1"", ""profile"": ""easy"", ""travel_time"": 1.5, ""energy_cost"": 2.0}, {""from"": ""site1"", ""to"": ""site2"", ""profile"": ""rocky"", ""travel_time"": 2.5, ""energy_cost"": 4.0}]",medium,2,0,True,"[2, 2]","[2, 4]","[8.0, 6.0]","[10.0, 10.0]",solved,True,sat-hadd,30.0,0.380835,0,38,20.0,20.0,11.0,11.0,9.0,16.0,24.0,0.4,True,True,10,6,2,2,8,20.0,/mnt/c/Users/Endri/Desktop/planetary-rover-experimental-study/experiments/generated_problems/battery_full_calibration/rover-battery-n2-mem-low-corr-medium-seed-2.pddl,/mnt/c/Users/Endri/Desktop/planetary-rover-experimental-study/experiments/generated_problems/battery_full_calibration/rover-battery-n2-mem-low-corr-medium-seed-2.json,/mnt/c/Users/Endri/Desktop/planetary-rover-experimental-study/experiments/raw_outputs/battery_full_calibration/rover-battery-n2-mem-low-corr-medium-seed-2.txt,
rover-battery-n2-mem-low-corr-medium-seed-3,battery,3,2,low,0.45,6.0,9.0,1.5,,2.75,5.5,2.2222222222222223,18.0,40,22.0,"[""steep"", ""rocky""]","[{""from"": ""base"", ""to"": ""site1"", ""profile"": ""steep"", ""travel_time"": 3.0, ""energy_cost"": 5.0}, {""from"": ""site1"", ""to"": ""site2"", ""profile"": ""rocky"", ""travel_time"": 2.5, ""energy_cost"": 4.0}]",medium,2,0,True,"[3, 6]","[3, 4]","[8.0, 10.0]","[11.0, 15.5]",solved,True,sat-hadd,30.0,0.426563,0,45,27.0,27.0,17.0,17.0,10.0,28.0,12.0,0.7,True,True,10,6,2,2,6,27.0,/mnt/c/Users/Endri/Desktop/planetary-rover-experimental-study/experiments/generated_problems/battery_full_calibration/rover-battery-n2-mem-low-corr-medium-seed-3.pddl,/mnt/c/Users/Endri/Desktop/planetary-rover-experimental-study/experiments/generated_problems/battery_full_calibration/rover-battery-n2-mem-low-corr-medium-seed-3.json,/mnt/c/Users/Endri/Desktop/planetary-rover-experimental-study/experiments/raw_outputs/battery_full_calibration/rover-battery-n2-mem-low-corr-medium-seed-3.txt,
rover-battery-n2-mem-low-corr-medium-seed-4,battery,4,2,low,0.45,4.0,7.0,1.75,,2.25,4.5,2.857142857142857,14.0,40,26.0,"[""steep"", ""easy""]","[{""from"": ""base"", ""to"": ""site1"", ""profile"": ""steep"", ""travel_time"": 3.0, ""energy_cost"": 5.0}, {""from"": ""site1"", ""to"": ""site2"", ""profile"": ""easy"", ""travel_time"": 1.5, ""energy_cost"": 2.0}]",medium,2,0,True,"[3, 4]","[2, 5]","[8.0, 6.0]","[11.0, 11.0]",solved,True,sat-hadd,30.0,0.478519,0,37,19.0,19.0,15.0,15.0,4.0,24.0,16.0,0.6,True,True,10,6,2,2,6,19.0,/mnt/c/Users/Endri/Desktop/planetary-rover-experimental-study/experiments/generated_problems/battery_full_calibration/rover-battery-n2-mem-low-corr-medium-seed-4.pddl,/mnt/c/Users/Endri/Desktop/planetary-rover-experimental-study/experiments/generated_problems/battery_full_calibration/rover-battery-n2-mem-low-corr-medium-seed-4.json,/mnt/c/Users/Endri/Desktop/planetary-rover-experimental-study/experiments/raw_outputs/battery_full_calibration/rover-battery-n2-mem-low-corr-medium-seed-4.txt,
rover-battery-n2-mem-low-corr-high-seed-0,battery,0,2,low,0.45,5.0,10.0,2.0,,1.5,3.0,5.0,8.0,40,32.0,"[""easy"", ""easy""]","[{""from"": ""base"", ""to"": ""site1"", ""profile"": ""easy"", ""travel_time"": 1.5, ""energy_cost"": 2.0}, {""from"": ""site1"", ""to"": ""site2"", ""profile"": ""easy"", ""travel_time"": 1.5, ""energy_cost"": 2.0}]",high,2,0,True,"[5, 5]","[2, 4]","[5.0, 5.0]","[7.0, 9.0]",solved,True,sat-hadd,30.0,0.373452,0,36,18.0,18.0,9.0,9.0,9.0,12.0,28.0,0.3,True,True,10,6,2,2,8,18.0,/mnt/c/Users/Endri/Desktop/planetary-rover-experimental-study/experiments/generated_problems/battery_full_calibration/rover-battery-n2-mem-low-corr-high-seed-0.pddl,/mnt/c/Users/Endri/Desktop/planetary-rover-experimental-study/experiments/generated_problems/battery_full_calibration/rover-battery-n2-mem-low-corr-high-seed-0.json,/mnt/c/Users/Endri/Desktop/planetary-rover-experimental-study/experiments/raw_outputs/battery_full_calibration/rover-battery-n2-mem-low-corr-high-seed-0.txt,
rover-battery-n2-mem-low-corr-high-seed-1,battery,1,2,low,0.45,6.0,9.0,1.5,,2.5,5.0,2.5,16.0,40,24.0,"[""steep"", ""moderate""]","[{""from"": ""base"", ""to"": ""site1"", ""profile"": ""steep"", ""travel_time"": 3.0, ""energy_cost"": 5.0}, {""from"": ""site1"", ""to"": ""site2"", ""profile"": ""moderate"", ""travel_time"": 2.0, ""energy_cost"": 3.0}]",high,2,0,True,"[3, 6]","[2, 4]","[4.0, 3.0]","[7.0, 8.0]",solved,True,sat-hadd,30.0,0.390333,0,36,18.0,18.0,16.0,16.0,2.0,26.0,14.0,0.65,True,True,10,6,2,2,6,18.0,/mnt/c/Users/Endri/Desktop/planetary-rover-experimental-study/experiments/generated_problems/battery_full_calibration/rover-battery-n2-mem-low-corr-high-seed-1.pddl,/mnt/c/Users/Endri/Desktop/planetary-rover-experimental-study/experiments/generated_problems/battery_full_calibration/rover-battery-n2-mem-low-corr-high-seed-1.json,/mnt/c/Users/Endri/Desktop/planetary-rover-experimental-study/experiments/raw_outputs/battery_full_calibration/rover-battery-n2-mem-low-corr-high-seed-1.txt,
rover-battery-n2-mem-low-corr-high-seed-2,battery,2,2,low,0.45,2.0,4.0,2.0,,2.0,4.0,3.3333333333333335,12.0,40,28.0,"[""easy"", ""rocky""]","[{""from"": ""base"", ""to"": ""site1"", ""profile"": ""easy"", ""travel_time"": 1.5, ""energy_cost"": 2.0}, {""from"": ""site1"", ""to"": ""site2"", ""profile"": ""rocky"", ""travel_time"": 2.5, ""energy_cost"": 4.0}]",high,2,0,True,"[2, 2]","[2, 4]","[4.0, 3.0]","[6.0, 7.0]",solved,True,sat-hadd,30.0,0.376408,0,35,17.0,17.0,11.0,11.0,6.0,16.0,24.0,0.4,True,True,10,6,2,2,8,17.0,/mnt/c/Users/Endri/Desktop/planetary-rover-experimental-study/experiments/generated_problems/battery_full_calibration/rover-battery-n2-mem-low-corr-high-seed-2.pddl,/mnt/c/Users/Endri/Desktop/planetary-rover-experimental-study/experiments/generated_problems/battery_full_calibration/rover-battery-n2-mem-low-corr-high-seed-2.json,/mnt/c/Users/Endri/Desktop/planetary-rover-experimental-study/experiments/raw_outputs/battery_full_calibration/rover-battery-n2-mem-low-corr-high-seed-2.txt,
rover-battery-n2-mem-low-corr-high-seed-3,battery,3,2,low,0.45,6.0,9.0,1.5,,2.75,5.5,2.2222222222222223,18.0,40,22.0,"[""steep"", ""rocky""]","[{""from"": ""base"", ""to"": ""site1"", ""profile"": ""steep"", ""travel_time"": 3.0, ""energy_cost"": 5.0}, {""from"": ""site1"", ""to"": ""site2"", ""profile"": ""rocky"", ""travel_time"": 2.5, ""energy_cost"": 4.0}]",high,2,0,True,"[3, 6]","[3, 4]","[4.0, 5.0]","[7.0, 10.5]",solved,True,sat-hadd,30.0,0.398692,0,40,22.0,22.0,17.0,17.0,5.0,28.0,12.0,0.7,True,True,10,6,2,2,6,22.0,/mnt/c/Users/Endri/Desktop/planetary-rover-experimental-study/experiments/generated_problems/battery_full_calibration/rover-battery-n2-mem-low-corr-high-seed-3.pddl,/mnt/c/Users/Endri/Desktop/planetary-rover-experimental-study/experiments/generated_problems/battery_full_calibration/rover-battery-n2-mem-low-corr-high-seed-3.json,/mnt/c/Users/Endri/Desktop/planetary-rover-experimental-study/experiments/raw_outputs/battery_full_calibration/rover-battery-n2-mem-low-corr-high-seed-3.txt,
rover-battery-n2-mem-low-corr-high-seed-4,battery,4,2,low,0.45,4.0,7.0,1.75,,2.25,4.5,2.857142857142857,14.0,40,26.0,"[""steep"", ""easy""]","[{""from"": ""base"", ""to"": ""site1"", ""profile"": ""steep"", ""travel_time"": 3.0, ""energy_cost"": 5.0}, {""from"": ""site1"", ""to"": ""site2"", ""profile"": ""easy"", ""travel_time"": 1.5, ""energy_cost"": 2.0}]",high,2,0,True,"[3, 4]","[2, 5]","[4.0, 3.0]","[7.0, 8.0]",solved,True,sat-hadd,30.0,0.396718,0,36,18.0,18.0,15.0,15.0,3.0,24.0,16.0,0.6,True,True,10,6,2,2,6,18.0,/mnt/c/Users/Endri/Desktop/planetary-rover-experimental-study/experiments/generated_problems/battery_full_calibration/rover-battery-n2-mem-low-corr-high-seed-4.pddl,/mnt/c/Users/Endri/Desktop/planetary-rover-experimental-study/experiments/generated_problems/battery_full_calibration/rover-battery-n2-mem-low-corr-high-seed-4.json,/mnt/c/Users/Endri/Desktop/planetary-rover-experimental-study/experiments/raw_outputs/battery_full_calibration/rover-battery-n2-mem-low-corr-high-seed-4.txt,
rover-battery-n2-mem-medium-corr-low-seed-0,battery,0,2,medium,0.7,7.0,10.0,1.428571,,1.5,3.0,5.0,8.0,40,32.0,"[""easy"", ""easy""]","[{""from"": ""base"", ""to"": ""site1"", ""profile"": ""easy"", ""travel_time"": 1.5, ""energy_cost"": 2.0}, {""from"": ""site1"", ""to"": ""site2"", ""profile"": ""easy"", ""travel_time"": 1.5, ""energy_cost"": 2.0}]",low,2,0,True,"[5, 5]","[2, 4]","[14.0, 14.0]","[16.0, 18.0]",solved,True,sat-hadd,30.0,0.41118,0,36,18.0,18.0,9.0,9.0,9.0,12.0,28.0,0.3,True,True,10,6,2,2,8,18.0,/mnt/c/Users/Endri/Desktop/planetary-rover-experimental-study/experiments/generated_problems/battery_full_calibration/rover-battery-n2-mem-medium-corr-low-seed-0.pddl,/mnt/c/Users/Endri/Desktop/planetary-rover-experimental-study/experiments/generated_problems/battery_full_calibration/rover-battery-n2-mem-medium-corr-low-seed-0.json,/mnt/c/Users/Endri/Desktop/planetary-rover-experimental-study/experiments/raw_outputs/battery_full_calibration/rover-battery-n2-mem-medium-corr-low-seed-0.txt,
rover-battery-n2-mem-medium-corr-low-seed-1,battery,1,2,medium,0.7,7.0,9.0,1.285714,,2.5,5.0,2.5,16.0,40,24.0,"[""steep"", ""moderate""]","[{""from"": ""base"", ""to"": ""site1"", ""profile"": ""steep"", ""travel_time"": 3.0, ""energy_cost"": 5.0}, {""from"": ""site1"", ""to"": ""site2"", ""profile"": ""moderate"", ""travel_time"": 2.0, ""energy_cost"": 3.0}]",low,2,0,True,"[3, 6]","[2, 4]","[12.0, 10.0]","[15.0, 15.0]",solved,True,sat-hadd,30.0,0.442659,0,36,18.0,18.0,16.0,16.0,2.0,26.0,14.0,0.65,True,True,10,6,2,2,6,18.0,/mnt/c/Users/Endri/Desktop/planetary-rover-experimental-study/experiments/generated_problems/battery_full_calibration/rover-battery-n2-mem-medium-corr-low-seed-1.pddl,/mnt/c/Users/Endri/Desktop/planetary-rover-experimental-study/experiments/generated_problems/battery_full_calibration/rover-battery-n2-mem-medium-corr-low-seed-1.json,/mnt/c/Users/Endri/Desktop/planetary-rover-experimental-study/experiments/raw_outputs/battery_full_calibration/rover-battery-n2-mem-medium-corr-low-seed-1.txt,
rover-battery-n2-mem-medium-corr-low-seed-2,battery,2,2,medium,0.7,3.0,4.0,1.333333,,2.0,4.0,3.3333333333333335,12.0,40,28.0,"[""easy"", ""rocky""]","[{""from"": ""base"", ""to"": ""site1"", ""profile"": ""easy"", ""travel_time"": 1.5, ""energy_cost"": 2.0}, {""from"": ""site1"", ""to"": ""site2"", ""profile"": ""rocky"", ""travel_time"": 2.5, ""energy_cost"": 4.0}]",low,2,0,True,"[2, 2]","[2, 4]","[12.0, 10.0]","[14.0, 14.0]",solved,True,sat-hadd,30.0,0.395218,0,38,20.0,20.0,11.0,11.0,9.0,16.0,24.0,0.4,True,True,10,6,2,2,8,20.0,/mnt/c/Users/Endri/Desktop/planetary-rover-experimental-study/experiments/generated_problems/battery_full_calibration/rover-battery-n2-mem-medium-corr-low-seed-2.pddl,/mnt/c/Users/Endri/Desktop/planetary-rover-experimental-study/experiments/generated_problems/battery_full_calibration/rover-battery-n2-mem-medium-corr-low-seed-2.json,/mnt/c/Users/Endri/Desktop/planetary-rover-experimental-study/experiments/raw_outputs/battery_full_calibration/rover-battery-n2-mem-medium-corr-low-seed-2.txt,
rover-battery-n2-mem-medium-corr-low-seed-3,battery,3,2,medium,0.7,7.0,9.0,1.285714,,2.75,5.5,2.2222222222222223,18.0,40,22.0,"[""steep"", ""rocky""]","[{""from"": ""base"", ""to"": ""site1"", ""profile"": ""steep"", ""travel_time"": 3.0, ""energy_cost"": 5.0}, {""from"": ""site1"", ""to"": ""site2"", ""profile"": ""rocky"", ""travel_time"": 2.5, ""energy_cost"": 4.0}]",low,2,0,True,"[3, 6]","[3, 4]","[12.0, 14.0]","[15.0, 19.5]",solved,True,sat-hadd,30.0,0.430141,0,43,25.0,25.0,17.0,17.0,8.0,28.0,12.0,0.7,True,True,10,6,2,2,8,25.0,/mnt/c/Users/Endri/Desktop/planetary-rover-experimental-study/experiments/generated_problems/battery_full_calibration/rover-battery-n2-mem-medium-corr-low-seed-3.pddl,/mnt/c/Users/Endri/Desktop/planetary-rover-experimental-study/experiments/generated_problems/battery_full_calibration/rover-battery-n2-mem-medium-corr-low-seed-3.json,/mnt/c/Users/Endri/Desktop/planetary-rover-experimental-study/experiments/raw_outputs/battery_full_calibration/rover-battery-n2-mem-medium-corr-low-seed-3.txt,
rover-battery-n2-mem-medium-corr-low-seed-4,battery,4,2,medium,0.7,5.0,7.0,1.4,,2.25,4.5,2.857142857142857,14.0,40,26.0,"[""steep"", ""easy""]","[{""from"": ""base"", ""to"": ""site1"", ""profile"": ""steep"", ""travel_time"": 3.0, ""energy_cost"": 5.0}, {""from"": ""site1"", ""to"": ""site2"", ""profile"": ""easy"", ""travel_time"": 1.5, ""energy_cost"": 2.0}]",low,2,0,True,"[3, 4]","[2, 5]","[12.0, 10.0]","[15.0, 15.0]",solved,True,sat-hadd,30.0,0.48763,0,37,19.0,19.0,15.0,15.0,4.0,24.0,16.0,0.6,True,True,10,6,2,2,6,19.0,/mnt/c/Users/Endri/Desktop/planetary-rover-experimental-study/experiments/generated_problems/battery_full_calibration/rover-battery-n2-mem-medium-corr-low-seed-4.pddl,/mnt/c/Users/Endri/Desktop/planetary-rover-experimental-study/experiments/generated_problems/battery_full_calibration/rover-battery-n2-mem-medium-corr-low-seed-4.json,/mnt/c/Users/Endri/Desktop/planetary-rover-experimental-study/experiments/raw_outputs/battery_full_calibration/rover-battery-n2-mem-medium-corr-low-seed-4.txt,
rover-battery-n2-mem-medium-corr-medium-seed-0,battery,0,2,medium,0.7,7.0,10.0,1.428571,,1.5,3.0,5.0,8.0,40,32.0,"[""easy"", ""easy""]","[{""from"": ""base"", ""to"": ""site1"", ""profile"": ""easy"", ""travel_time"": 1.5, ""energy_cost"": 2.0}, {""from"": ""site1"", ""to"": ""site2"", ""profile"": ""easy"", ""travel_time"": 1.5, ""energy_cost"": 2.0}]",medium,2,0,True,"[5, 5]","[2, 4]","[10.0, 10.0]","[12.0, 14.0]",solved,True,sat-hadd,30.0,0.390416,0,36,18.0,18.0,9.0,9.0,9.0,12.0,28.0,0.3,True,True,10,6,2,2,8,18.0,/mnt/c/Users/Endri/Desktop/planetary-rover-experimental-study/experiments/generated_problems/battery_full_calibration/rover-battery-n2-mem-medium-corr-medium-seed-0.pddl,/mnt/c/Users/Endri/Desktop/planetary-rover-experimental-study/experiments/generated_problems/battery_full_calibration/rover-battery-n2-mem-medium-corr-medium-seed-0.json,/mnt/c/Users/Endri/Desktop/planetary-rover-experimental-study/experiments/raw_outputs/battery_full_calibration/rover-battery-n2-mem-medium-corr-medium-seed-0.txt,
rover-battery-n2-mem-medium-corr-medium-seed-1,battery,1,2,medium,0.7,7.0,9.0,1.285714,,2.5,5.0,2.5,16.0,40,24.0,"[""steep"", ""moderate""]","[{""from"": ""base"", ""to"": ""site1"", ""profile"": ""steep"", ""travel_time"": 3.0, ""energy_cost"": 5.0}, {""from"": ""site1"", ""to"": ""site2"", ""profile"": ""moderate"", ""travel_time"": 2.0, ""energy_cost"": 3.0}]",medium,2,0,True,"[3, 6]","[2, 4]","[8.0, 6.0]","[11.0, 11.0]",solved,True,sat-hadd,30.0,0.4035,0,36,18.0,18.0,16.0,16.0,2.0,26.0,14.0,0.65,True,True,10,6,2,2,6,18.0,/mnt/c/Users/Endri/Desktop/planetary-rover-experimental-study/experiments/generated_problems/battery_full_calibration/rover-battery-n2-mem-medium-corr-medium-seed-1.pddl,/mnt/c/Users/Endri/Desktop/planetary-rover-experimental-study/experiments/generated_problems/battery_full_calibration/rover-battery-n2-mem-medium-corr-medium-seed-1.json,/mnt/c/Users/Endri/Desktop/planetary-rover-experimental-study/experiments/raw_outputs/battery_full_calibration/rover-battery-n2-mem-medium-corr-medium-seed-1.txt,
rover-battery-n2-mem-medium-corr-medium-seed-2,battery,2,2,medium,0.7,3.0,4.0,1.333333,,2.0,4.0,3.3333333333333335,12.0,40,28.0,"[""easy"", ""rocky""]","[{""from"": ""base"", ""to"": ""site1"", ""profile"": ""easy"", ""travel_time"": 1.5, ""energy_cost"": 2.0}, {""from"": ""site1"", ""to"": ""site2"", ""profile"": ""rocky"", ""travel_time"": 2.5, ""energy_cost"": 4.0}]",medium,2,0,True,"[2, 2]","[2, 4]","[8.0, 6.0]","[10.0, 10.0]",solved,True,sat-hadd,30.0,0.390301,0,38,20.0,20.0,11.0,11.0,9.0,16.0,24.0,0.4,True,True,10,6,2,2,8,20.0,/mnt/c/Users/Endri/Desktop/planetary-rover-experimental-study/experiments/generated_problems/battery_full_calibration/rover-battery-n2-mem-medium-corr-medium-seed-2.pddl,/mnt/c/Users/Endri/Desktop/planetary-rover-experimental-study/experiments/generated_problems/battery_full_calibration/rover-battery-n2-mem-medium-corr-medium-seed-2.json,/mnt/c/Users/Endri/Desktop/planetary-rover-experimental-study/experiments/raw_outputs/battery_full_calibration/rover-battery-n2-mem-medium-corr-medium-seed-2.txt,
rover-battery-n2-mem-medium-corr-medium-seed-3,battery,3,2,medium,0.7,7.0,9.0,1.285714,,2.75,5.5,2.2222222222222223,18.0,40,22.0,"[""steep"", ""rocky""]","[{""from"": ""base"", ""to"": ""site1"", ""profile"": ""steep"", ""travel_time"": 3.0, ""energy_cost"": 5.0}, {""from"": ""site1"", ""to"": ""site2"", ""profile"": ""rocky"", ""travel_time"": 2.5, ""energy_cost"": 4.0}]",medium,2,0,True,"[3, 6]","[3, 4]","[8.0, 10.0]","[11.0, 15.5]",solved,True,sat-hadd,30.0,0.426212,0,45,27.0,27.0,17.0,17.0,10.0,28.0,12.0,0.7,True,True,10,6,2,2,6,27.0,/mnt/c/Users/Endri/Desktop/planetary-rover-experimental-study/experiments/generated_problems/battery_full_calibration/rover-battery-n2-mem-medium-corr-medium-seed-3.pddl,/mnt/c/Users/Endri/Desktop/planetary-rover-experimental-study/experiments/generated_problems/battery_full_calibration/rover-battery-n2-mem-medium-corr-medium-seed-3.json,/mnt/c/Users/Endri/Desktop/planetary-rover-experimental-study/experiments/raw_outputs/battery_full_calibration/rover-battery-n2-mem-medium-corr-medium-seed-3.txt,
rover-battery-n2-mem-medium-corr-medium-seed-4,battery,4,2,medium,0.7,5.0,7.0,1.4,,2.25,4.5,2.857142857142857,14.0,40,26.0,"[""steep"", ""easy""]","[{""from"": ""base"", ""to"": ""site1"", ""profile"": ""steep"", ""travel_time"": 3.0, ""energy_cost"": 5.0}, {""from"": ""site1"", ""to"": ""site2"", ""profile"": ""easy"", ""travel_time"": 1.5, ""energy_cost"": 2.0}]",medium,2,0,True,"[3, 4]","[2, 5]","[8.0, 6.0]","[11.0, 11.0]",solved,True,sat-hadd,30.0,0.453513,0,37,19.0,19.0,15.0,15.0,4.0,24.0,16.0,0.6,True,True,10,6,2,2,6,19.0,/mnt/c/Users/Endri/Desktop/planetary-rover-experimental-study/experiments/generated_problems/battery_full_calibration/rover-battery-n2-mem-medium-corr-medium-seed-4.pddl,/mnt/c/Users/Endri/Desktop/planetary-rover-experimental-study/experiments/generated_problems/battery_full_calibration/rover-battery-n2-mem-medium-corr-medium-seed-4.json,/mnt/c/Users/Endri/Desktop/planetary-rover-experimental-study/experiments/raw_outputs/battery_full_calibration/rover-battery-n2-mem-medium-corr-medium-seed-4.txt,
rover-battery-n2-mem-medium-corr-high-seed-0,battery,0,2,medium,0.7,7.0,10.0,1.428571,,1.5,3.0,5.0,8.0,40,32.0,"[""easy"", ""easy""]","[{""from"": ""base"", ""to"": ""site1"", ""profile"": ""easy"", ""travel_time"": 1.5, ""energy_cost"": 2.0}, {""from"": ""site1"", ""to"": ""site2"", ""profile"": ""easy"", ""travel_time"": 1.5, ""energy_cost"": 2.0}]",high,2,0,True,"[5, 5]","[2, 4]","[5.0, 5.0]","[7.0, 9.0]",solved,True,sat-hadd,30.0,0.372588,0,36,18.0,18.0,9.0,9.0,9.0,12.0,28.0,0.3,True,True,10,6,2,2,8,18.0,/mnt/c/Users/Endri/Desktop/planetary-rover-experimental-study/experiments/generated_problems/battery_full_calibration/rover-battery-n2-mem-medium-corr-high-seed-0.pddl,/mnt/c/Users/Endri/Desktop/planetary-rover-experimental-study/experiments/generated_problems/battery_full_calibration/rover-battery-n2-mem-medium-corr-high-seed-0.json,/mnt/c/Users/Endri/Desktop/planetary-rover-experimental-study/experiments/raw_outputs/battery_full_calibration/rover-battery-n2-mem-medium-corr-high-seed-0.txt,
rover-battery-n2-mem-medium-corr-high-seed-1,battery,1,2,medium,0.7,7.0,9.0,1.285714,,2.5,5.0,2.5,16.0,40,24.0,"[""steep"", ""moderate""]","[{""from"": ""base"", ""to"": ""site1"", ""profile"": ""steep"", ""travel_time"": 3.0, ""energy_cost"": 5.0}, {""from"": ""site1"", ""to"": ""site2"", ""profile"": ""moderate"", ""travel_time"": 2.0, ""energy_cost"": 3.0}]",high,2,0,True,"[3, 6]","[2, 4]","[4.0, 3.0]","[7.0, 8.0]",solved,True,sat-hadd,30.0,0.366545,0,36,18.0,18.0,16.0,16.0,2.0,26.0,14.0,0.65,True,True,10,6,2,2,6,18.0,/mnt/c/Users/Endri/Desktop/planetary-rover-experimental-study/experiments/generated_problems/battery_full_calibration/rover-battery-n2-mem-medium-corr-high-seed-1.pddl,/mnt/c/Users/Endri/Desktop/planetary-rover-experimental-study/experiments/generated_problems/battery_full_calibration/rover-battery-n2-mem-medium-corr-high-seed-1.json,/mnt/c/Users/Endri/Desktop/planetary-rover-experimental-study/experiments/raw_outputs/battery_full_calibration/rover-battery-n2-mem-medium-corr-high-seed-1.txt,
rover-battery-n2-mem-medium-corr-high-seed-2,battery,2,2,medium,0.7,3.0,4.0,1.333333,,2.0,4.0,3.3333333333333335,12.0,40,28.0,"[""easy"", ""rocky""]","[{""from"": ""base"", ""to"": ""site1"", ""profile"": ""easy"", ""travel_time"": 1.5, ""energy_cost"": 2.0}, {""from"": ""site1"", ""to"": ""site2"", ""profile"": ""rocky"", ""travel_time"": 2.5, ""energy_cost"": 4.0}]",high,2,0,True,"[2, 2]","[2, 4]","[4.0, 3.0]","[6.0, 7.0]",solved,True,sat-hadd,30.0,0.349652,0,35,17.0,17.0,11.0,11.0,6.0,16.0,24.0,0.4,True,True,10,6,2,2,8,17.0,/mnt/c/Users/Endri/Desktop/planetary-rover-experimental-study/experiments/generated_problems/battery_full_calibration/rover-battery-n2-mem-medium-corr-high-seed-2.pddl,/mnt/c/Users/Endri/Desktop/planetary-rover-experimental-study/experiments/generated_problems/battery_full_calibration/rover-battery-n2-mem-medium-corr-high-seed-2.json,/mnt/c/Users/Endri/Desktop/planetary-rover-experimental-study/experiments/raw_outputs/battery_full_calibration/rover-battery-n2-mem-medium-corr-high-seed-2.txt,
rover-battery-n2-mem-medium-corr-high-seed-3,battery,3,2,medium,0.7,7.0,9.0,1.285714,,2.75,5.5,2.2222222222222223,18.0,40,22.0,"[""steep"", ""rocky""]","[{""from"": ""base"", ""to"": ""site1"", ""profile"": ""steep"", ""travel_time"": 3.0, ""energy_cost"": 5.0}, {""from"": ""site1"", ""to"": ""site2"", ""profile"": ""rocky"", ""travel_time"": 2.5, ""energy_cost"": 4.0}]",high,2,0,True,"[3, 6]","[3, 4]","[4.0, 5.0]","[7.0, 10.5]",solved,True,sat-hadd,30.0,0.371488,0,40,22.0,22.0,17.0,17.0,5.0,28.0,12.0,0.7,True,True,10,6,2,2,6,22.0,/mnt/c/Users/Endri/Desktop/planetary-rover-experimental-study/experiments/generated_problems/battery_full_calibration/rover-battery-n2-mem-medium-corr-high-seed-3.pddl,/mnt/c/Users/Endri/Desktop/planetary-rover-experimental-study/experiments/generated_problems/battery_full_calibration/rover-battery-n2-mem-medium-corr-high-seed-3.json,/mnt/c/Users/Endri/Desktop/planetary-rover-experimental-study/experiments/raw_outputs/battery_full_calibration/rover-battery-n2-mem-medium-corr-high-seed-3.txt,
rover-battery-n2-mem-medium-corr-high-seed-4,battery,4,2,medium,0.7,5.0,7.0,1.4,,2.25,4.5,2.857142857142857,14.0,40,26.0,"[""steep"", ""easy""]","[{""from"": ""base"", ""to"": ""site1"", ""profile"": ""steep"", ""travel_time"": 3.0, ""energy_cost"": 5.0}, {""from"": ""site1"", ""to"": ""site2"", ""profile"": ""easy"", ""travel_time"": 1.5, ""energy_cost"": 2.0}]",high,2,0,True,"[3, 4]","[2, 5]","[4.0, 3.0]","[7.0, 8.0]",solved,True,sat-hadd,30.0,0.36902,0,36,18.0,18.0,15.0,15.0,3.0,24.0,16.0,0.6,True,True,10,6,2,2,6,18.0,/mnt/c/Users/Endri/Desktop/planetary-rover-experimental-study/experiments/generated_problems/battery_full_calibration/rover-battery-n2-mem-medium-corr-high-seed-4.pddl,/mnt/c/Users/Endri/Desktop/planetary-rover-experimental-study/experiments/generated_problems/battery_full_calibration/rover-battery-n2-mem-medium-corr-high-seed-4.json,/mnt/c/Users/Endri/Desktop/planetary-rover-experimental-study/experiments/raw_outputs/battery_full_calibration/rover-battery-n2-mem-medium-corr-high-seed-4.txt,
rover-battery-n2-mem-high-corr-low-seed-0,battery,0,2,high,1.0,10.0,10.0,1.0,,1.5,3.0,5.0,8.0,40,32.0,"[""easy"", ""easy""]","[{""from"": ""base"", ""to"": ""site1"", ""profile"": ""easy"", ""travel_time"": 1.5, ""energy_cost"": 2.0}, {""from"": ""site1"", ""to"": ""site2"", ""profile"": ""easy"", ""travel_time"": 1.5, ""energy_cost"": 2.0}]",low,2,0,True,"[5, 5]","[2, 4]","[14.0, 14.0]","[16.0, 18.0]",solved,True,sat-hadd,30.0,0.363283,0,28,14.0,14.0,6.0,6.0,8.0,8.0,32.0,0.2,True,True,8,4,2,2,6,14.0,/mnt/c/Users/Endri/Desktop/planetary-rover-experimental-study/experiments/generated_problems/battery_full_calibration/rover-battery-n2-mem-high-corr-low-seed-0.pddl,/mnt/c/Users/Endri/Desktop/planetary-rover-experimental-study/experiments/generated_problems/battery_full_calibration/rover-battery-n2-mem-high-corr-low-seed-0.json,/mnt/c/Users/Endri/Desktop/planetary-rover-experimental-study/experiments/raw_outputs/battery_full_calibration/rover-battery-n2-mem-high-corr-low-seed-0.txt,
rover-battery-n2-mem-high-corr-low-seed-1,battery,1,2,high,1.0,9.0,9.0,1.0,,2.5,5.0,2.5,16.0,40,24.0,"[""steep"", ""moderate""]","[{""from"": ""base"", ""to"": ""site1"", ""profile"": ""steep"", ""travel_time"": 3.0, ""energy_cost"": 5.0}, {""from"": ""site1"", ""to"": ""site2"", ""profile"": ""moderate"", ""travel_time"": 2.0, ""energy_cost"": 3.0}]",low,2,0,True,"[3, 6]","[2, 4]","[12.0, 10.0]","[15.0, 15.0]",solved,True,sat-hadd,30.0,0.354973,0,30,16.0,16.0,10.0,10.0,6.0,16.0,24.0,0.4,True,True,8,4,2,2,6,16.0,/mnt/c/Users/Endri/Desktop/planetary-rover-experimental-study/experiments/generated_problems/battery_full_calibration/rover-battery-n2-mem-high-corr-low-seed-1.pddl,/mnt/c/Users/Endri/Desktop/planetary-rover-experimental-study/experiments/generated_problems/battery_full_calibration/rover-battery-n2-mem-high-corr-low-seed-1.json,/mnt/c/Users/Endri/Desktop/planetary-rover-experimental-study/experiments/raw_outputs/battery_full_calibration/rover-battery-n2-mem-high-corr-low-seed-1.txt,
rover-battery-n2-mem-high-corr-low-seed-2,battery,2,2,high,1.0,4.0,4.0,1.0,,2.0,4.0,3.3333333333333335,12.0,40,28.0,"[""easy"", ""rocky""]","[{""from"": ""base"", ""to"": ""site1"", ""profile"": ""easy"", ""travel_time"": 1.5, ""energy_cost"": 2.0}, {""from"": ""site1"", ""to"": ""site2"", ""profile"": ""rocky"", ""travel_time"": 2.5, ""energy_cost"": 4.0}]",low,2,0,True,"[2, 2]","[2, 4]","[12.0, 10.0]","[14.0, 14.0]",solved,True,sat-hadd,30.0,0.37032,0,29,15.0,15.0,8.0,8.0,7.0,12.0,28.0,0.3,True,True,8,4,2,2,6,15.0,/mnt/c/Users/Endri/Desktop/planetary-rover-experimental-study/experiments/generated_problems/battery_full_calibration/rover-battery-n2-mem-high-corr-low-seed-2.pddl,/mnt/c/Users/Endri/Desktop/planetary-rover-experimental-study/experiments/generated_problems/battery_full_calibration/rover-battery-n2-mem-high-corr-low-seed-2.json,/mnt/c/Users/Endri/Desktop/planetary-rover-experimental-study/experiments/raw_outputs/battery_full_calibration/rover-battery-n2-mem-high-corr-low-seed-2.txt,
rover-battery-n2-mem-high-corr-low-seed-3,battery,3,2,high,1.0,9.0,9.0,1.0,,2.75,5.5,2.2222222222222223,18.0,40,22.0,"[""steep"", ""rocky""]","[{""from"": ""base"", ""to"": ""site1"", ""profile"": ""steep"", ""travel_time"": 3.0, ""energy_cost"": 5.0}, {""from"": ""site1"", ""to"": ""site2"", ""profile"": ""rocky"", ""travel_time"": 2.5, ""energy_cost"": 4.0}]",low,2,0,True,"[3, 6]","[3, 4]","[12.0, 14.0]","[15.0, 19.5]",solved,True,sat-hadd,30.0,0.361521,0,31,17.0,17.0,11.0,11.0,6.0,18.0,22.0,0.45,True,True,8,4,2,2,6,17.0,/mnt/c/Users/Endri/Desktop/planetary-rover-experimental-study/experiments/generated_problems/battery_full_calibration/rover-battery-n2-mem-high-corr-low-seed-3.pddl,/mnt/c/Users/Endri/Desktop/planetary-rover-experimental-study/experiments/generated_problems/battery_full_calibration/rover-battery-n2-mem-high-corr-low-seed-3.json,/mnt/c/Users/Endri/Desktop/planetary-rover-experimental-study/experiments/raw_outputs/battery_full_calibration/rover-battery-n2-mem-high-corr-low-seed-3.txt,
rover-battery-n2-mem-high-corr-low-seed-4,battery,4,2,high,1.0,7.0,7.0,1.0,,2.25,4.5,2.857142857142857,14.0,40,26.0,"[""steep"", ""easy""]","[{""from"": ""base"", ""to"": ""site1"", ""profile"": ""steep"", ""travel_time"": 3.0, ""energy_cost"": 5.0}, {""from"": ""site1"", ""to"": ""site2"", ""profile"": ""easy"", ""travel_time"": 1.5, ""energy_cost"": 2.0}]",low,2,0,True,"[3, 4]","[2, 5]","[12.0, 10.0]","[15.0, 15.0]",solved,True,sat-hadd,30.0,0.348655,0,31,17.0,17.0,9.0,9.0,8.0,14.0,26.0,0.35,True,True,8,4,2,2,6,17.0,/mnt/c/Users/Endri/Desktop/planetary-rover-experimental-study/experiments/generated_problems/battery_full_calibration/rover-battery-n2-mem-high-corr-low-seed-4.pddl,/mnt/c/Users/Endri/Desktop/planetary-rover-experimental-study/experiments/generated_problems/battery_full_calibration/rover-battery-n2-mem-high-corr-low-seed-4.json,/mnt/c/Users/Endri/Desktop/planetary-rover-experimental-study/experiments/raw_outputs/battery_full_calibration/rover-battery-n2-mem-high-corr-low-seed-4.txt,
rover-battery-n2-mem-high-corr-medium-seed-0,battery,0,2,high,1.0,10.0,10.0,1.0,,1.5,3.0,5.0,8.0,40,32.0,"[""easy"", ""easy""]","[{""from"": ""base"", ""to"": ""site1"", ""profile"": ""easy"", ""travel_time"": 1.5, ""energy_cost"": 2.0}, {""from"": ""site1"", ""to"": ""site2"", ""profile"": ""easy"", ""travel_time"": 1.5, ""energy_cost"": 2.0}]",medium,2,0,True,"[5, 5]","[2, 4]","[10.0, 10.0]","[12.0, 14.0]",solved,True,sat-hadd,30.0,0.348826,0,27,13.0,13.0,6.0,6.0,7.0,8.0,32.0,0.2,True,True,8,4,2,2,6,13.0,/mnt/c/Users/Endri/Desktop/planetary-rover-experimental-study/experiments/generated_problems/battery_full_calibration/rover-battery-n2-mem-high-corr-medium-seed-0.pddl,/mnt/c/Users/Endri/Desktop/planetary-rover-experimental-study/experiments/generated_problems/battery_full_calibration/rover-battery-n2-mem-high-corr-medium-seed-0.json,/mnt/c/Users/Endri/Desktop/planetary-rover-experimental-study/experiments/raw_outputs/battery_full_calibration/rover-battery-n2-mem-high-corr-medium-seed-0.txt,
rover-battery-n2-mem-high-corr-medium-seed-1,battery,1,2,high,1.0,9.0,9.0,1.0,,2.5,5.0,2.5,16.0,40,24.0,"[""steep"", ""moderate""]","[{""from"": ""base"", ""to"": ""site1"", ""profile"": ""steep"", ""travel_time"": 3.0, ""energy_cost"": 5.0}, {""from"": ""site1"", ""to"": ""site2"", ""profile"": ""moderate"", ""travel_time"": 2.0, ""energy_cost"": 3.0}]",medium,2,0,True,"[3, 6]","[2, 4]","[8.0, 6.0]","[11.0, 11.0]",solved,True,sat-hadd,30.0,0.345534,0,27,13.0,13.0,10.0,10.0,3.0,16.0,24.0,0.4,True,True,8,4,2,2,6,13.0,/mnt/c/Users/Endri/Desktop/planetary-rover-experimental-study/experiments/generated_problems/battery_full_calibration/rover-battery-n2-mem-high-corr-medium-seed-1.pddl,/mnt/c/Users/Endri/Desktop/planetary-rover-experimental-study/experiments/generated_problems/battery_full_calibration/rover-battery-n2-mem-high-corr-medium-seed-1.json,/mnt/c/Users/Endri/Desktop/planetary-rover-experimental-study/experiments/raw_outputs/battery_full_calibration/rover-battery-n2-mem-high-corr-medium-seed-1.txt,
rover-battery-n2-mem-high-corr-medium-seed-2,battery,2,2,high,1.0,4.0,4.0,1.0,,2.0,4.0,3.3333333333333335,12.0,40,28.0,"[""easy"", ""rocky""]","[{""from"": ""base"", ""to"": ""site1"", ""profile"": ""easy"", ""travel_time"": 1.5, ""energy_cost"": 2.0}, {""from"": ""site1"", ""to"": ""site2"", ""profile"": ""rocky"", ""travel_time"": 2.5, ""energy_cost"": 4.0}]",medium,2,0,True,"[2, 2]","[2, 4]","[8.0, 6.0]","[10.0, 10.0]",solved,True,sat-hadd,30.0,0.393939,0,25,11.0,11.0,8.0,8.0,3.0,12.0,28.0,0.3,True,True,8,4,2,2,5,11.0,/mnt/c/Users/Endri/Desktop/planetary-rover-experimental-study/experiments/generated_problems/battery_full_calibration/rover-battery-n2-mem-high-corr-medium-seed-2.pddl,/mnt/c/Users/Endri/Desktop/planetary-rover-experimental-study/experiments/generated_problems/battery_full_calibration/rover-battery-n2-mem-high-corr-medium-seed-2.json,/mnt/c/Users/Endri/Desktop/planetary-rover-experimental-study/experiments/raw_outputs/battery_full_calibration/rover-battery-n2-mem-high-corr-medium-seed-2.txt,
rover-battery-n2-mem-high-corr-medium-seed-3,battery,3,2,high,1.0,9.0,9.0,1.0,,2.75,5.5,2.2222222222222223,18.0,40,22.0,"[""steep"", ""rocky""]","[{""from"": ""base"", ""to"": ""site1"", ""profile"": ""steep"", ""travel_time"": 3.0, ""energy_cost"": 5.0}, {""from"": ""site1"", ""to"": ""site2"", ""profile"": ""rocky"", ""travel_time"": 2.5, ""energy_cost"": 4.0}]",medium,2,0,True,"[3, 6]","[3, 4]","[8.0, 10.0]","[11.0, 15.5]",solved,True,sat-hadd,30.0,0.381289,0,27,13.0,13.0,11.0,11.0,2.0,18.0,22.0,0.45,True,True,8,4,2,2,5,13.0,/mnt/c/Users/Endri/Desktop/planetary-rover-experimental-study/experiments/generated_problems/battery_full_calibration/rover-battery-n2-mem-high-corr-medium-seed-3.pddl,/mnt/c/Users/Endri/Desktop/planetary-rover-experimental-study/experiments/generated_problems/battery_full_calibration/rover-battery-n2-mem-high-corr-medium-seed-3.json,/mnt/c/Users/Endri/Desktop/planetary-rover-experimental-study/experiments/raw_outputs/battery_full_calibration/rover-battery-n2-mem-high-corr-medium-seed-3.txt,
rover-battery-n2-mem-high-corr-medium-seed-4,battery,4,2,high,1.0,7.0,7.0,1.0,,2.25,4.5,2.857142857142857,14.0,40,26.0,"[""steep"", ""easy""]","[{""from"": ""base"", ""to"": ""site1"", ""profile"": ""steep"", ""travel_time"": 3.0, ""energy_cost"": 5.0}, {""from"": ""site1"", ""to"": ""site2"", ""profile"": ""easy"", ""travel_time"": 1.5, ""energy_cost"": 2.0}]",medium,2,0,True,"[3, 4]","[2, 5]","[8.0, 6.0]","[11.0, 11.0]",solved,True,sat-hadd,30.0,0.3556,0,27,13.0,13.0,9.0,9.0,4.0,14.0,26.0,0.35,True,True,8,4,2,2,6,13.0,/mnt/c/Users/Endri/Desktop/planetary-rover-experimental-study/experiments/generated_problems/battery_full_calibration/rover-battery-n2-mem-high-corr-medium-seed-4.pddl,/mnt/c/Users/Endri/Desktop/planetary-rover-experimental-study/experiments/generated_problems/battery_full_calibration/rover-battery-n2-mem-high-corr-medium-seed-4.json,/mnt/c/Users/Endri/Desktop/planetary-rover-experimental-study/experiments/raw_outputs/battery_full_calibration/rover-battery-n2-mem-high-corr-medium-seed-4.txt,
rover-battery-n2-mem-high-corr-high-seed-0,battery,0,2,high,1.0,10.0,10.0,1.0,,1.5,3.0,5.0,8.0,40,32.0,"[""easy"", ""easy""]","[{""from"": ""base"", ""to"": ""site1"", ""profile"": ""easy"", ""travel_time"": 1.5, ""energy_cost"": 2.0}, {""from"": ""site1"", ""to"": ""site2"", ""profile"": ""easy"", ""travel_time"": 1.5, ""energy_cost"": 2.0}]",high,2,0,True,"[5, 5]","[2, 4]","[5.0, 5.0]","[7.0, 9.0]",solved,True,sat-hadd,30.0,0.371736,0,22,8.0,8.0,6.0,6.0,2.0,8.0,32.0,0.2,True,True,8,4,2,2,4,8.0,/mnt/c/Users/Endri/Desktop/planetary-rover-experimental-study/experiments/generated_problems/battery_full_calibration/rover-battery-n2-mem-high-corr-high-seed-0.pddl,/mnt/c/Users/Endri/Desktop/planetary-rover-experimental-study/experiments/generated_problems/battery_full_calibration/rover-battery-n2-mem-high-corr-high-seed-0.json,/mnt/c/Users/Endri/Desktop/planetary-rover-experimental-study/experiments/raw_outputs/battery_full_calibration/rover-battery-n2-mem-high-corr-high-seed-0.txt,
rover-battery-n2-mem-high-corr-high-seed-1,battery,1,2,high,1.0,9.0,9.0,1.0,,2.5,5.0,2.5,16.0,40,24.0,"[""steep"", ""moderate""]","[{""from"": ""base"", ""to"": ""site1"", ""profile"": ""steep"", ""travel_time"": 3.0, ""energy_cost"": 5.0}, {""from"": ""site1"", ""to"": ""site2"", ""profile"": ""moderate"", ""travel_time"": 2.0, ""energy_cost"": 3.0}]",high,2,0,True,"[3, 6]","[2, 4]","[4.0, 3.0]","[7.0, 8.0]",solved,True,sat-hadd,30.0,0.385429,0,38,20.0,20.0,16.0,16.0,4.0,26.0,14.0,0.65,True,True,10,6,2,2,8,20.0,/mnt/c/Users/Endri/Desktop/planetary-rover-experimental-study/experiments/generated_problems/battery_full_calibration/rover-battery-n2-mem-high-corr-high-seed-1.pddl,/mnt/c/Users/Endri/Desktop/planetary-rover-experimental-study/experiments/generated_problems/battery_full_calibration/rover-battery-n2-mem-high-corr-high-seed-1.json,/mnt/c/Users/Endri/Desktop/planetary-rover-experimental-study/experiments/raw_outputs/battery_full_calibration/rover-battery-n2-mem-high-corr-high-seed-1.txt,
rover-battery-n2-mem-high-corr-high-seed-2,battery,2,2,high,1.0,4.0,4.0,1.0,,2.0,4.0,3.3333333333333335,12.0,40,28.0,"[""easy"", ""rocky""]","[{""from"": ""base"", ""to"": ""site1"", ""profile"": ""easy"", ""travel_time"": 1.5, ""energy_cost"": 2.0}, {""from"": ""site1"", ""to"": ""site2"", ""profile"": ""rocky"", ""travel_time"": 2.5, ""energy_cost"": 4.0}]",high,2,0,True,"[2, 2]","[2, 4]","[4.0, 3.0]","[6.0, 7.0]",solved,True,sat-hadd,30.0,0.368786,0,35,17.0,17.0,11.0,11.0,6.0,16.0,24.0,0.4,True,True,10,6,2,2,8,17.0,/mnt/c/Users/Endri/Desktop/planetary-rover-experimental-study/experiments/generated_problems/battery_full_calibration/rover-battery-n2-mem-high-corr-high-seed-2.pddl,/mnt/c/Users/Endri/Desktop/planetary-rover-experimental-study/experiments/generated_problems/battery_full_calibration/rover-battery-n2-mem-high-corr-high-seed-2.json,/mnt/c/Users/Endri/Desktop/planetary-rover-experimental-study/experiments/raw_outputs/battery_full_calibration/rover-battery-n2-mem-high-corr-high-seed-2.txt,
rover-battery-n2-mem-high-corr-high-seed-3,battery,3,2,high,1.0,9.0,9.0,1.0,,2.75,5.5,2.2222222222222223,18.0,40,22.0,"[""steep"", ""rocky""]","[{""from"": ""base"", ""to"": ""site1"", ""profile"": ""steep"", ""travel_time"": 3.0, ""energy_cost"": 5.0}, {""from"": ""site1"", ""to"": ""site2"", ""profile"": ""rocky"", ""travel_time"": 2.5, ""energy_cost"": 4.0}]",high,2,0,True,"[3, 6]","[3, 4]","[4.0, 5.0]","[7.0, 10.5]",solved,True,sat-hadd,30.0,0.368198,0,43,25.0,25.0,17.0,17.0,8.0,28.0,12.0,0.7,True,True,10,6,2,2,8,25.0,/mnt/c/Users/Endri/Desktop/planetary-rover-experimental-study/experiments/generated_problems/battery_full_calibration/rover-battery-n2-mem-high-corr-high-seed-3.pddl,/mnt/c/Users/Endri/Desktop/planetary-rover-experimental-study/experiments/generated_problems/battery_full_calibration/rover-battery-n2-mem-high-corr-high-seed-3.json,/mnt/c/Users/Endri/Desktop/planetary-rover-experimental-study/experiments/raw_outputs/battery_full_calibration/rover-battery-n2-mem-high-corr-high-seed-3.txt,
rover-battery-n2-mem-high-corr-high-seed-4,battery,4,2,high,1.0,7.0,7.0,1.0,,2.25,4.5,2.857142857142857,14.0,40,26.0,"[""steep"", ""easy""]","[{""from"": ""base"", ""to"": ""site1"", ""profile"": ""steep"", ""travel_time"": 3.0, ""energy_cost"": 5.0}, {""from"": ""site1"", ""to"": ""site2"", ""profile"": ""easy"", ""travel_time"": 1.5, ""energy_cost"": 2.0}]",high,2,0,True,"[3, 4]","[2, 5]","[4.0, 3.0]","[7.0, 8.0]",solved,True,sat-hadd,30.0,0.367181,0,24,10.0,10.0,9.0,9.0,1.0,14.0,26.0,0.35,True,True,8,4,2,2,4,10.0,/mnt/c/Users/Endri/Desktop/planetary-rover-experimental-study/experiments/generated_problems/battery_full_calibration/rover-battery-n2-mem-high-corr-high-seed-4.pddl,/mnt/c/Users/Endri/Desktop/planetary-rover-experimental-study/experiments/generated_problems/battery_full_calibration/rover-battery-n2-mem-high-corr-high-seed-4.json,/mnt/c/Users/Endri/Desktop/planetary-rover-experimental-study/experiments/raw_outputs/battery_full_calibration/rover-battery-n2-mem-high-corr-high-seed-4.txt,
rover-battery-n3-mem-low-corr-low-seed-0,battery,0,3,low,0.45,6.0,12.0,2.0,,2.0,6.0,2.2222222222222223,18.0,40,22.0,"[""easy"", ""easy"", ""steep""]","[{""from"": ""base"", ""to"": ""site1"", ""profile"": ""easy"", ""travel_time"": 1.5, ""energy_cost"": 2.0}, {""from"": ""site1"", ""to"": ""site2"", ""profile"": ""easy"", ""travel_time"": 1.5, ""energy_cost"": 2.0}, {""from"": ""site2"", ""to"": ""site3"", ""profile"": ""steep"", ""travel_time"": 3.0, ""energy_cost"": 5.0}]",low,3,0,True,"[5, 5, 2]","[4, 5, 5]","[14.0, 14.0, 12.0]","[18.0, 19.0, 18.0]",solved,True,sat-hadd,30.0,0.463191,0,82,49.0,49.0,21.0,21.0,28.0,30.0,10.0,0.75,True,True,18,12,3,3,15,49.0,/mnt/c/Users/Endri/Desktop/planetary-rover-experimental-study/experiments/generated_problems/battery_full_calibration/rover-battery-n3-mem-low-corr-low-seed-0.pddl,/mnt/c/Users/Endri/Desktop/planetary-rover-experimental-study/experiments/generated_problems/battery_full_calibration/rover-battery-n3-mem-low-corr-low-seed-0.json,/mnt/c/Users/Endri/Desktop/planetary-rover-experimental-study/experiments/raw_outputs/battery_full_calibration/rover-battery-n3-mem-low-corr-low-seed-0.txt,
rover-battery-n3-mem-low-corr-low-seed-1,battery,1,3,low,0.45,6.0,11.0,1.833333,,2.6666666666666665,8.0,1.5384615384615385,26.0,40,14.0,"[""steep"", ""moderate"", ""steep""]","[{""from"": ""base"", ""to"": ""site1"", ""profile"": ""steep"", ""travel_time"": 3.0, ""energy_cost"": 5.0}, {""from"": ""site1"", ""to"": ""site2"", ""profile"": ""moderate"", ""travel_time"": 2.0, ""energy_cost"": 3.0}, {""from"": ""site2"", ""to"": ""site3"", ""profile"": ""steep"", ""travel_time"": 3.0, ""energy_cost"": 5.0}]",low,3,0,True,"[3, 6, 2]","[4, 2, 5]","[12.0, 10.0, 10.0]","[16.0, 15.0, 18.0]",unsolvable,False,sat-hadd,30.0,1.552308,0,,,,,,,,,,,,0,0,0,0,0,0,/mnt/c/Users/Endri/Desktop/planetary-rover-experimental-study/experiments/generated_problems/battery_full_calibration/rover-battery-n3-mem-low-corr-low-seed-1.pddl,/mnt/c/Users/Endri/Desktop/planetary-rover-experimental-study/experiments/generated_problems/battery_full_calibration/rover-battery-n3-mem-low-corr-low-seed-1.json,/mnt/c/Users/Endri/Desktop/planetary-rover-experimental-study/experiments/raw_outputs/battery_full_calibration/rover-battery-n3-mem-low-corr-low-seed-1.txt,
rover-battery-n3-mem-low-corr-low-seed-2,battery,2,3,low,0.45,3.0,6.0,2.0,,2.1666666666666665,6.5,2.0,20.0,40,20.0,"[""easy"", ""rocky"", ""rocky""]","[{""from"": ""base"", ""to"": ""site1"", ""profile"": ""easy"", ""travel_time"": 1.5, ""energy_cost"": 2.0}, {""from"": ""site1"", ""to"": ""site2"", ""profile"": ""rocky"", ""travel_time"": 2.5, ""energy_cost"": 4.0}, {""from"": ""site2"", ""to"": ""site3"", ""profile"": ""rocky"", ""travel_time"": 2.5, ""energy_cost"": 4.0}]",low,3,0,True,"[2, 2, 2]","[4, 3, 4]","[12.0, 10.0, 10.0]","[16.0, 14.0, 16.5]",solved,True,sat-hadd,30.0,0.4296,0,78,45.0,45.0,24.0,24.0,21.0,36.0,4.0,0.9,True,True,18,12,3,3,15,45.0,/mnt/c/Users/Endri/Desktop/planetary-rover-experimental-study/experiments/generated_problems/battery_full_calibration/rover-battery-n3-mem-low-corr-low-seed-2.pddl,/mnt/c/Users/Endri/Desktop/planetary-rover-experimental-study/experiments/generated_problems/battery_full_calibration/rover-battery-n3-mem-low-corr-low-seed-2.json,/mnt/c/Users/Endri/Desktop/planetary-rover-experimental-study/experiments/raw_outputs/battery_full_calibration/rover-battery-n3-mem-low-corr-low-seed-2.txt,
rover-battery-n3-mem-low-corr-low-seed-3,battery,3,3,low,0.45,7.0,15.0,2.142857,,2.8333333333333335,8.5,1.4285714285714286,28.0,40,12.0,"[""steep"", ""rocky"", ""steep""]","[{""from"": ""base"", ""to"": ""site1"", ""profile"": ""steep"", ""travel_time"": 3.0, ""energy_cost"": 5.0}, {""from"": ""site1"", ""to"": ""site2"", ""profile"": ""rocky"", ""travel_time"": 2.5, ""energy_cost"": 4.0}, {""from"": ""site2"", ""to"": ""site3"", ""profile"": ""steep"", ""travel_time"": 3.0, ""energy_cost"": 5.0}]",low,3,0,True,"[3, 6, 6]","[3, 4, 5]","[12.0, 14.0, 10.0]","[15.0, 19.5, 18.5]",unsolvable,False,sat-hadd,30.0,1.021489,0,,,,,,,,,,,,0,0,0,0,0,0,/mnt/c/Users/Endri/Desktop/planetary-rover-experimental-study/experiments/generated_problems/battery_full_calibration/rover-battery-n3-mem-low-corr-low-seed-3.pddl,/mnt/c/Users/Endri/Desktop/planetary-rover-experimental-study/experiments/generated_problems/battery_full_calibration/rover-battery-n3-mem-low-corr-low-seed-3.json,/mnt/c/Users/Endri/Desktop/planetary-rover-experimental-study/experiments/raw_outputs/battery_full_calibration/rover-battery-n3-mem-low-corr-low-seed-3.txt,
rover-battery-n3-mem-low-corr-low-seed-4,battery,4,3,low,0.45,5.0,9.0,1.8,,2.3333333333333335,7.0,1.8181818181818181,22.0,40,18.0,"[""steep"", ""easy"", ""rocky""]","[{""from"": ""base"", ""to"": ""site1"", ""profile"": ""steep"", ""travel_time"": 3.0, ""energy_cost"": 5.0}, {""from"": ""site1"", ""to"": ""site2"", ""profile"": ""easy"", ""travel_time"": 1.5, ""energy_cost"": 2.0}, {""from"": ""site2"", ""to"": ""site3"", ""profile"": ""rocky"", ""travel_time"": 2.5, ""energy_cost"": 4.0}]",low,3,0,True,"[3, 4, 2]","[5, 5, 3]","[12.0, 10.0, 12.0]","[17.0, 15.0, 19.0]",solved,True,sat-hadd,30.0,0.643564,0,63,34.0,34.0,23.0,23.0,11.0,36.0,4.0,0.9,True,True,16,10,3,3,12,34.0,/mnt/c/Users/Endri/Desktop/planetary-rover-experimental-study/experiments/generated_problems/battery_full_calibration/rover-battery-n3-mem-low-corr-low-seed-4.pddl,/mnt/c/Users/Endri/Desktop/planetary-rover-experimental-study/experiments/generated_problems/battery_full_calibration/rover-battery-n3-mem-low-corr-low-seed-4.json,/mnt/c/Users/Endri/Desktop/planetary-rover-experimental-study/experiments/raw_outputs/battery_full_calibration/rover-battery-n3-mem-low-corr-low-seed-4.txt,
rover-battery-n3-mem-low-corr-medium-seed-0,battery,0,3,low,0.45,6.0,12.0,2.0,,2.0,6.0,2.2222222222222223,18.0,40,22.0,"[""easy"", ""easy"", ""steep""]","[{""from"": ""base"", ""to"": ""site1"", ""profile"": ""easy"", ""travel_time"": 1.5, ""energy_cost"": 2.0}, {""from"": ""site1"", ""to"": ""site2"", ""profile"": ""easy"", ""travel_time"": 1.5, ""energy_cost"": 2.0}, {""from"": ""site2"", ""to"": ""site3"", ""profile"": ""steep"", ""travel_time"": 3.0, ""energy_cost"": 5.0}]",medium,3,0,True,"[5, 5, 2]","[4, 5, 5]","[10.0, 10.0, 8.0]","[14.0, 15.0, 14.0]",solved,True,sat-hadd,30.0,0.442126,0,78,45.0,45.0,21.0,21.0,24.0,30.0,10.0,0.75,True,True,18,12,3,3,15,45.0,/mnt/c/Users/Endri/Desktop/planetary-rover-experimental-study/experiments/generated_problems/battery_full_calibration/rover-battery-n3-mem-low-corr-medium-seed-0.pddl,/mnt/c/Users/Endri/Desktop/planetary-rover-experimental-study/experiments/generated_problems/battery_full_calibration/rover-battery-n3-mem-low-corr-medium-seed-0.json,/mnt/c/Users/Endri/Desktop/planetary-rover-experimental-study/experiments/raw_outputs/battery_full_calibration/rover-battery-n3-mem-low-corr-medium-seed-0.txt,
rover-battery-n3-mem-low-corr-medium-seed-1,battery,1,3,low,0.45,6.0,11.0,1.833333,,2.6666666666666665,8.0,1.5384615384615385,26.0,40,14.0,"[""steep"", ""moderate"", ""steep""]","[{""from"": ""base"", ""to"": ""site1"", ""profile"": ""steep"", ""travel_time"": 3.0, ""energy_cost"": 5.0}, {""from"": ""site1"", ""to"": ""site2"", ""profile"": ""moderate"", ""travel_time"": 2.0, ""energy_cost"": 3.0}, {""from"": ""site2"", ""to"": ""site3"", ""profile"": ""steep"", ""travel_time"": 3.0, ""energy_cost"": 5.0}]",medium,3,0,True,"[3, 6, 2]","[4, 2, 5]","[8.0, 6.0, 6.0]","[12.0, 11.0, 14.0]",unsolvable,False,sat-hadd,30.0,0.944521,0,,,,,,,,,,,,0,0,0,0,0,0,/mnt/c/Users/Endri/Desktop/planetary-rover-experimental-study/experiments/generated_problems/battery_full_calibration/rover-battery-n3-mem-low-corr-medium-seed-1.pddl,/mnt/c/Users/Endri/Desktop/planetary-rover-experimental-study/experiments/generated_problems/battery_full_calibration/rover-battery-n3-mem-low-corr-medium-seed-1.json,/mnt/c/Users/Endri/Desktop/planetary-rover-experimental-study/experiments/raw_outputs/battery_full_calibration/rover-battery-n3-mem-low-corr-medium-seed-1.txt,
rover-battery-n3-mem-low-corr-medium-seed-2,battery,2,3,low,0.45,3.0,6.0,2.0,,2.1666666666666665,6.5,2.0,20.0,40,20.0,"[""easy"", ""rocky"", ""rocky""]","[{""from"": ""base"", ""to"": ""site1"", ""profile"": ""easy"", ""travel_time"": 1.5, ""energy_cost"": 2.0}, {""from"": ""site1"", ""to"": ""site2"", ""profile"": ""rocky"", ""travel_time"": 2.5, ""energy_cost"": 4.0}, {""from"": ""site2"", ""to"": ""site3"", ""profile"": ""rocky"", ""travel_time"": 2.5, ""energy_cost"": 4.0}]",medium,3,0,True,"[2, 2, 2]","[4, 3, 4]","[8.0, 6.0, 6.0]","[12.0, 10.0, 12.5]",solved,True,sat-hadd,30.0,0.409229,0,75,42.0,42.0,24.0,24.0,18.0,36.0,4.0,0.9,True,True,18,12,3,3,15,42.0,/mnt/c/Users/Endri/Desktop/planetary-rover-experimental-study/experiments/generated_problems/battery_full_calibration/rover-battery-n3-mem-low-corr-medium-seed-2.pddl,/mnt/c/Users/Endri/Desktop/planetary-rover-experimental-study/experiments/generated_problems/battery_full_calibration/rover-battery-n3-mem-low-corr-medium-seed-2.json,/mnt/c/Users/Endri/Desktop/planetary-rover-experimental-study/experiments/raw_outputs/battery_full_calibration/rover-battery-n3-mem-low-corr-medium-seed-2.txt,
rover-battery-n3-mem-low-corr-medium-seed-3,battery,3,3,low,0.45,7.0,15.0,2.142857,,2.8333333333333335,8.5,1.4285714285714286,28.0,40,12.0,"[""steep"", ""rocky"", ""steep""]","[{""from"": ""base"", ""to"": ""site1"", ""profile"": ""steep"", ""travel_time"": 3.0, ""energy_cost"": 5.0}, {""from"": ""site1"", ""to"": ""site2"", ""profile"": ""rocky"", ""travel_time"": 2.5, ""energy_cost"": 4.0}, {""from"": ""site2"", ""to"": ""site3"", ""profile"": ""steep"", ""travel_time"": 3.0, ""energy_cost"": 5.0}]",medium,3,0,True,"[3, 6, 6]","[3, 4, 5]","[8.0, 10.0, 6.0]","[11.0, 15.5, 14.5]",unsolvable,False,sat-hadd,30.0,0.757785,0,,,,,,,,,,,,0,0,0,0,0,0,/mnt/c/Users/Endri/Desktop/planetary-rover-experimental-study/experiments/generated_problems/battery_full_calibration/rover-battery-n3-mem-low-corr-medium-seed-3.pddl,/mnt/c/Users/Endri/Desktop/planetary-rover-experimental-study/experiments/generated_problems/battery_full_calibration/rover-battery-n3-mem-low-corr-medium-seed-3.json,/mnt/c/Users/Endri/Desktop/planetary-rover-experimental-study/experiments/raw_outputs/battery_full_calibration/rover-battery-n3-mem-low-corr-medium-seed-3.txt,
rover-battery-n3-mem-low-corr-medium-seed-4,battery,4,3,low,0.45,5.0,9.0,1.8,,2.3333333333333335,7.0,1.8181818181818181,22.0,40,18.0,"[""steep"", ""easy"", ""rocky""]","[{""from"": ""base"", ""to"": ""site1"", ""profile"": ""steep"", ""travel_time"": 3.0, ""energy_cost"": 5.0}, {""from"": ""site1"", ""to"": ""site2"", ""profile"": ""easy"", ""travel_time"": 1.5, ""energy_cost"": 2.0}, {""from"": ""site2"", ""to"": ""site3"", ""profile"": ""rocky"", ""travel_time"": 2.5, ""energy_cost"": 4.0}]",medium,3,0,True,"[3, 4, 2]","[5, 5, 3]","[8.0, 6.0, 8.0]","[13.0, 11.0, 15.0]",solved,True,sat-hadd,30.0,0.721728,0,63,34.0,34.0,23.0,23.0,11.0,36.0,4.0,0.9,True,True,16,10,3,3,12,34.0,/mnt/c/Users/Endri/Desktop/planetary-rover-experimental-study/experiments/generated_problems/battery_full_calibration/rover-battery-n3-mem-low-corr-medium-seed-4.pddl,/mnt/c/Users/Endri/Desktop/planetary-rover-experimental-study/experiments/generated_problems/battery_full_calibration/rover-battery-n3-mem-low-corr-medium-seed-4.json,/mnt/c/Users/Endri/Desktop/planetary-rover-experimental-study/experiments/raw_outputs/battery_full_calibration/rover-battery-n3-mem-low-corr-medium-seed-4.txt,
rover-battery-n3-mem-low-corr-high-seed-0,battery,0,3,low,0.45,6.0,12.0,2.0,,2.0,6.0,2.2222222222222223,18.0,40,22.0,"[""easy"", ""easy"", ""steep""]","[{""from"": ""base"", ""to"": ""site1"", ""profile"": ""easy"", ""travel_time"": 1.5, ""energy_cost"": 2.0}, {""from"": ""site1"", ""to"": ""site2"", ""profile"": ""easy"", ""travel_time"": 1.5, ""energy_cost"": 2.0}, {""from"": ""site2"", ""to"": ""site3"", ""profile"": ""steep"", ""travel_time"": 3.0, ""energy_cost"": 5.0}]",high,3,0,True,"[5, 5, 2]","[4, 5, 5]","[5.0, 5.0, 4.0]","[9.0, 10.0, 10.0]",solved,True,sat-hadd,30.0,0.433408,0,69,36.0,36.0,21.0,21.0,15.0,30.0,10.0,0.75,True,True,18,12,3,3,15,36.0,/mnt/c/Users/Endri/Desktop/planetary-rover-experimental-study/experiments/generated_problems/battery_full_calibration/rover-battery-n3-mem-low-corr-high-seed-0.pddl,/mnt/c/Users/Endri/Desktop/planetary-rover-experimental-study/experiments/generated_problems/battery_full_calibration/rover-battery-n3-mem-low-corr-high-seed-0.json,/mnt/c/Users/Endri/Desktop/planetary-rover-experimental-study/experiments/raw_outputs/battery_full_calibration/rover-battery-n3-mem-low-corr-high-seed-0.txt,
rover-battery-n3-mem-low-corr-high-seed-1,battery,1,3,low,0.45,6.0,11.0,1.833333,,2.6666666666666665,8.0,1.5384615384615385,26.0,40,14.0,"[""steep"", ""moderate"", ""steep""]","[{""from"": ""base"", ""to"": ""site1"", ""profile"": ""steep"", ""travel_time"": 3.0, ""energy_cost"": 5.0}, {""from"": ""site1"", ""to"": ""site2"", ""profile"": ""moderate"", ""travel_time"": 2.0, ""energy_cost"": 3.0}, {""from"": ""site2"", ""to"": ""site3"", ""profile"": ""steep"", ""travel_time"": 3.0, ""energy_cost"": 5.0}]",high,3,0,True,"[3, 6, 2]","[4, 2, 5]","[4.0, 3.0, 3.0]","[8.0, 8.0, 11.0]",unsolvable,False,sat-hadd,30.0,0.646652,0,,,,,,,,,,,,0,0,0,0,0,0,/mnt/c/Users/Endri/Desktop/planetary-rover-experimental-study/experiments/generated_problems/battery_full_calibration/rover-battery-n3-mem-low-corr-high-seed-1.pddl,/mnt/c/Users/Endri/Desktop/planetary-rover-experimental-study/experiments/generated_problems/battery_full_calibration/rover-battery-n3-mem-low-corr-high-seed-1.json,/mnt/c/Users/Endri/Desktop/planetary-rover-experimental-study/experiments/raw_outputs/battery_full_calibration/rover-battery-n3-mem-low-corr-high-seed-1.txt,
rover-battery-n3-mem-low-corr-high-seed-2,battery,2,3,low,0.45,3.0,6.0,2.0,,2.1666666666666665,6.5,2.0,20.0,40,20.0,"[""easy"", ""rocky"", ""rocky""]","[{""from"": ""base"", ""to"": ""site1"", ""profile"": ""easy"", ""travel_time"": 1.5, ""energy_cost"": 2.0}, {""from"": ""site1"", ""to"": ""site2"", ""profile"": ""rocky"", ""travel_time"": 2.5, ""energy_cost"": 4.0}, {""from"": ""site2"", ""to"": ""site3"", ""profile"": ""rocky"", ""travel_time"": 2.5, ""energy_cost"": 4.0}]",high,3,0,True,"[2, 2, 2]","[4, 3, 4]","[4.0, 3.0, 3.0]","[8.0, 7.0, 9.5]",solved,True,sat-hadd,30.0,0.43715,0,69,36.0,36.0,24.0,24.0,12.0,36.0,4.0,0.9,True,True,18,12,3,3,15,36.0,/mnt/c/Users/Endri/Desktop/planetary-rover-experimental-study/experiments/generated_problems/battery_full_calibration/rover-battery-n3-mem-low-corr-high-seed-2.pddl,/mnt/c/Users/Endri/Desktop/planetary-rover-experimental-study/experiments/generated_problems/battery_full_calibration/rover-battery-n3-mem-low-corr-high-seed-2.json,/mnt/c/Users/Endri/Desktop/planetary-rover-experimental-study/experiments/raw_outputs/battery_full_calibration/rover-battery-n3-mem-low-corr-high-seed-2.txt,
rover-battery-n3-mem-low-corr-high-seed-3,battery,3,3,low,0.45,7.0,15.0,2.142857,,2.8333333333333335,8.5,1.4285714285714286,28.0,40,12.0,"[""steep"", ""rocky"", ""steep""]","[{""from"": ""base"", ""to"": ""site1"", ""profile"": ""steep"", ""travel_time"": 3.0, ""energy_cost"": 5.0}, {""from"": ""site1"", ""to"": ""site2"", ""profile"": ""rocky"", ""travel_time"": 2.5, ""energy_cost"": 4.0}, {""from"": ""site2"", ""to"": ""site3"", ""profile"": ""steep"", ""travel_time"": 3.0, ""energy_cost"": 5.0}]",high,3,0,True,"[3, 6, 6]","[3, 4, 5]","[4.0, 5.0, 3.0]","[7.0, 10.5, 11.5]",unsolvable,False,sat-hadd,30.0,0.615996,0,,,,,,,,,,,,0,0,0,0,0,0,/mnt/c/Users/Endri/Desktop/planetary-rover-experimental-study/experiments/generated_problems/battery_full_calibration/rover-battery-n3-mem-low-corr-high-seed-3.pddl,/mnt/c/Users/Endri/Desktop/planetary-rover-experimental-study/experiments/generated_problems/battery_full_calibration/rover-battery-n3-mem-low-corr-high-seed-3.json,/mnt/c/Users/Endri/Desktop/planetary-rover-experimental-study/experiments/raw_outputs/battery_full_calibration/rover-battery-n3-mem-low-corr-high-seed-3.txt,
rover-battery-n3-mem-low-corr-high-seed-4,battery,4,3,low,0.45,5.0,9.0,1.8,,2.3333333333333335,7.0,1.8181818181818181,22.0,40,18.0,"[""steep"", ""easy"", ""rocky""]","[{""from"": ""base"", ""to"": ""site1"", ""profile"": ""steep"", ""travel_time"": 3.0, ""energy_cost"": 5.0}, {""from"": ""site1"", ""to"": ""site2"", ""profile"": ""easy"", ""travel_time"": 1.5, ""energy_cost"": 2.0}, {""from"": ""site2"", ""to"": ""site3"", ""profile"": ""rocky"", ""travel_time"": 2.5, ""energy_cost"": 4.0}]",high,3,0,True,"[3, 4, 2]","[5, 5, 3]","[4.0, 3.0, 4.0]","[9.0, 8.0, 11.0]",solved,True,sat-hadd,30.0,0.552735,0,61,32.0,32.0,23.0,23.0,9.0,36.0,4.0,0.9,True,True,16,10,3,3,13,32.0,/mnt/c/Users/Endri/Desktop/planetary-rover-experimental-study/experiments/generated_problems/battery_full_calibration/rover-battery-n3-mem-low-corr-high-seed-4.pddl,/mnt/c/Users/Endri/Desktop/planetary-rover-experimental-study/experiments/generated_problems/battery_full_calibration/rover-battery-n3-mem-low-corr-high-seed-4.json,/mnt/c/Users/Endri/Desktop/planetary-rover-experimental-study/experiments/raw_outputs/battery_full_calibration/rover-battery-n3-mem-low-corr-high-seed-4.txt,
rover-battery-n3-mem-medium-corr-low-seed-0,battery,0,3,medium,0.7,9.0,12.0,1.333333,,2.0,6.0,2.2222222222222223,18.0,40,22.0,"[""easy"", ""easy"", ""steep""]","[{""from"": ""base"", ""to"": ""site1"", ""profile"": ""easy"", ""travel_time"": 1.5, ""energy_cost"": 2.0}, {""from"": ""site1"", ""to"": ""site2"", ""profile"": ""easy"", ""travel_time"": 1.5, ""energy_cost"": 2.0}, {""from"": ""site2"", ""to"": ""site3"", ""profile"": ""steep"", ""travel_time"": 3.0, ""energy_cost"": 5.0}]",low,3,0,True,"[5, 5, 2]","[4, 5, 5]","[14.0, 14.0, 12.0]","[18.0, 19.0, 18.0]",solved,True,sat-hadd,30.0,0.423858,0,61,32.0,32.0,18.0,18.0,14.0,26.0,14.0,0.65,True,True,16,10,3,3,13,32.0,/mnt/c/Users/Endri/Desktop/planetary-rover-experimental-study/experiments/generated_problems/battery_full_calibration/rover-battery-n3-mem-medium-corr-low-seed-0.pddl,/mnt/c/Users/Endri/Desktop/planetary-rover-experimental-study/experiments/generated_problems/battery_full_calibration/rover-battery-n3-mem-medium-corr-low-seed-0.json,/mnt/c/Users/Endri/Desktop/planetary-rover-experimental-study/experiments/raw_outputs/battery_full_calibration/rover-battery-n3-mem-medium-corr-low-seed-0.txt,
rover-battery-n3-mem-medium-corr-low-seed-1,battery,1,3,medium,0.7,8.0,11.0,1.375,,2.6666666666666665,8.0,1.5384615384615385,26.0,40,14.0,"[""steep"", ""moderate"", ""steep""]","[{""from"": ""base"", ""to"": ""site1"", ""profile"": ""steep"", ""travel_time"": 3.0, ""energy_cost"": 5.0}, {""from"": ""site1"", ""to"": ""site2"", ""profile"": ""moderate"", ""travel_time"": 2.0, ""energy_cost"": 3.0}, {""from"": ""site2"", ""to"": ""site3"", ""profile"": ""steep"", ""travel_time"": 3.0, ""energy_cost"": 5.0}]",low,3,0,True,"[3, 6, 2]","[4, 2, 5]","[12.0, 10.0, 10.0]","[16.0, 15.0, 18.0]",solved,True,sat-hadd,30.0,0.933774,0,54,29.0,29.0,22.0,22.0,7.0,36.0,4.0,0.9,True,True,14,8,3,3,11,29.0,/mnt/c/Users/Endri/Desktop/planetary-rover-experimental-study/experiments/generated_problems/battery_full_calibration/rover-battery-n3-mem-medium-corr-low-seed-1.pddl,/mnt/c/Users/Endri/Desktop/planetary-rover-experimental-study/experiments/generated_problems/battery_full_calibration/rover-battery-n3-mem-medium-corr-low-seed-1.json,/mnt/c/Users/Endri/Desktop/planetary-rover-experimental-study/experiments/raw_outputs/battery_full_calibration/rover-battery-n3-mem-medium-corr-low-seed-1.txt,
rover-battery-n3-mem-medium-corr-low-seed-2,battery,2,3,medium,0.7,5.0,6.0,1.2,,2.1666666666666665,6.5,2.0,20.0,40,20.0,"[""easy"", ""rocky"", ""rocky""]","[{""from"": ""base"", ""to"": ""site1"", ""profile"": ""easy"", ""travel_time"": 1.5, ""energy_cost"": 2.0}, {""from"": ""site1"", ""to"": ""site2"", ""profile"": ""rocky"", ""travel_time"": 2.5, ""energy_cost"": 4.0}, {""from"": ""site2"", ""to"": ""site3"", ""profile"": ""rocky"", ""travel_time"": 2.5, ""energy_cost"": 4.0}]",low,3,0,True,"[2, 2, 2]","[4, 3, 4]","[12.0, 10.0, 10.0]","[16.0, 14.0, 16.5]",solved,True,sat-hadd,30.0,0.451184,0,66,37.0,37.0,21.0,21.0,16.0,32.0,8.0,0.8,True,True,16,10,3,3,13,37.0,/mnt/c/Users/Endri/Desktop/planetary-rover-experimental-study/experiments/generated_problems/battery_full_calibration/rover-battery-n3-mem-medium-corr-low-seed-2.pddl,/mnt/c/Users/Endri/Desktop/planetary-rover-experimental-study/experiments/generated_problems/battery_full_calibration/rover-battery-n3-mem-medium-corr-low-seed-2.json,/mnt/c/Users/Endri/Desktop/planetary-rover-experimental-study/experiments/raw_outputs/battery_full_calibration/rover-battery-n3-mem-medium-corr-low-seed-2.txt,
rover-battery-n3-mem-medium-corr-low-seed-3,battery,3,3,medium,0.7,11.0,15.0,1.363636,,2.8333333333333335,8.5,1.4285714285714286,28.0,40,12.0,"[""steep"", ""rocky"", ""steep""]","[{""from"": ""base"", ""to"": ""site1"", ""profile"": ""steep"", ""travel_time"": 3.0, ""energy_cost"": 5.0}, {""from"": ""site1"", ""to"": ""site2"", ""profile"": ""rocky"", ""travel_time"": 2.5, ""energy_cost"": 4.0}, {""from"": ""site2"", ""to"": ""site3"", ""profile"": ""steep"", ""travel_time"": 3.0, ""energy_cost"": 5.0}]",low,3,0,True,"[3, 6, 6]","[3, 4, 5]","[12.0, 14.0, 10.0]","[15.0, 19.5, 18.5]",unsolvable,False,sat-hadd,30.0,1.746079,0,,,,,,,,,,,,0,0,0,0,0,0,/mnt/c/Users/Endri/Desktop/planetary-rover-experimental-study/experiments/generated_problems/battery_full_calibration/rover-battery-n3-mem-medium-corr-low-seed-3.pddl,/mnt/c/Users/Endri/Desktop/planetary-rover-experimental-study/experiments/generated_problems/battery_full_calibration/rover-battery-n3-mem-medium-corr-low-seed-3.json,/mnt/c/Users/Endri/Desktop/planetary-rover-experimental-study/experiments/raw_outputs/battery_full_calibration/rover-battery-n3-mem-medium-corr-low-seed-3.txt,
rover-battery-n3-mem-medium-corr-low-seed-4,battery,4,3,medium,0.7,7.0,9.0,1.285714,,2.3333333333333335,7.0,1.8181818181818181,22.0,40,18.0,"[""steep"", ""easy"", ""rocky""]","[{""from"": ""base"", ""to"": ""site1"", ""profile"": ""steep"", ""travel_time"": 3.0, ""energy_cost"": 5.0}, {""from"": ""site1"", ""to"": ""site2"", ""profile"": ""easy"", ""travel_time"": 1.5, ""energy_cost"": 2.0}, {""from"": ""site2"", ""to"": ""site3"", ""profile"": ""rocky"", ""travel_time"": 2.5, ""energy_cost"": 4.0}]",low,3,0,True,"[3, 4, 2]","[5, 5, 3]","[12.0, 10.0, 12.0]","[17.0, 15.0, 19.0]",solved,True,sat-hadd,30.0,0.582198,0,61,32.0,32.0,23.0,23.0,9.0,36.0,4.0,0.9,True,True,16,10,3,3,12,32.0,/mnt/c/Users/Endri/Desktop/planetary-rover-experimental-study/experiments/generated_problems/battery_full_calibration/rover-battery-n3-mem-medium-corr-low-seed-4.pddl,/mnt/c/Users/Endri/Desktop/planetary-rover-experimental-study/experiments/generated_problems/battery_full_calibration/rover-battery-n3-mem-medium-corr-low-seed-4.json,/mnt/c/Users/Endri/Desktop/planetary-rover-experimental-study/experiments/raw_outputs/battery_full_calibration/rover-battery-n3-mem-medium-corr-low-seed-4.txt,
rover-battery-n3-mem-medium-corr-medium-seed-0,battery,0,3,medium,0.7,9.0,12.0,1.333333,,2.0,6.0,2.2222222222222223,18.0,40,22.0,"[""easy"", ""easy"", ""steep""]","[{""from"": ""base"", ""to"": ""site1"", ""profile"": ""easy"", ""travel_time"": 1.5, ""energy_cost"": 2.0}, {""from"": ""site1"", ""to"": ""site2"", ""profile"": ""easy"", ""travel_time"": 1.5, ""energy_cost"": 2.0}, {""from"": ""site2"", ""to"": ""site3"", ""profile"": ""steep"", ""travel_time"": 3.0, ""energy_cost"": 5.0}]",medium,3,0,True,"[5, 5, 2]","[4, 5, 5]","[10.0, 10.0, 8.0]","[14.0, 15.0, 14.0]",solved,True,sat-hadd,30.0,0.426778,0,57,28.0,28.0,18.0,18.0,10.0,26.0,14.0,0.65,True,True,16,10,3,3,12,28.0,/mnt/c/Users/Endri/Desktop/planetary-rover-experimental-study/experiments/generated_problems/battery_full_calibration/rover-battery-n3-mem-medium-corr-medium-seed-0.pddl,/mnt/c/Users/Endri/Desktop/planetary-rover-experimental-study/experiments/generated_problems/battery_full_calibration/rover-battery-n3-mem-medium-corr-medium-seed-0.json,/mnt/c/Users/Endri/Desktop/planetary-rover-experimental-study/experiments/raw_outputs/battery_full_calibration/rover-battery-n3-mem-medium-corr-medium-seed-0.txt,
rover-battery-n3-mem-medium-corr-medium-seed-1,battery,1,3,medium,0.7,8.0,11.0,1.375,,2.6666666666666665,8.0,1.5384615384615385,26.0,40,14.0,"[""steep"", ""moderate"", ""steep""]","[{""from"": ""base"", ""to"": ""site1"", ""profile"": ""steep"", ""travel_time"": 3.0, ""energy_cost"": 5.0}, {""from"": ""site1"", ""to"": ""site2"", ""profile"": ""moderate"", ""travel_time"": 2.0, ""energy_cost"": 3.0}, {""from"": ""site2"", ""to"": ""site3"", ""profile"": ""steep"", ""travel_time"": 3.0, ""energy_cost"": 5.0}]",medium,3,0,True,"[3, 6, 2]","[4, 2, 5]","[8.0, 6.0, 6.0]","[12.0, 11.0, 14.0]",solved,True,sat-hadd,30.0,0.658464,0,56,31.0,31.0,22.0,22.0,9.0,36.0,4.0,0.9,True,True,14,8,3,3,10,31.0,/mnt/c/Users/Endri/Desktop/planetary-rover-experimental-study/experiments/generated_problems/battery_full_calibration/rover-battery-n3-mem-medium-corr-medium-seed-1.pddl,/mnt/c/Users/Endri/Desktop/planetary-rover-experimental-study/experiments/generated_problems/battery_full_calibration/rover-battery-n3-mem-medium-corr-medium-seed-1.json,/mnt/c/Users/Endri/Desktop/planetary-rover-experimental-study/experiments/raw_outputs/battery_full_calibration/rover-battery-n3-mem-medium-corr-medium-seed-1.txt,
rover-battery-n3-mem-medium-corr-medium-seed-2,battery,2,3,medium,0.7,5.0,6.0,1.2,,2.1666666666666665,6.5,2.0,20.0,40,20.0,"[""easy"", ""rocky"", ""rocky""]","[{""from"": ""base"", ""to"": ""site1"", ""profile"": ""easy"", ""travel_time"": 1.5, ""energy_cost"": 2.0}, {""from"": ""site1"", ""to"": ""site2"", ""profile"": ""rocky"", ""travel_time"": 2.5, ""energy_cost"": 4.0}, {""from"": ""site2"", ""to"": ""site3"", ""profile"": ""rocky"", ""travel_time"": 2.5, ""energy_cost"": 4.0}]",medium,3,0,True,"[2, 2, 2]","[4, 3, 4]","[8.0, 6.0, 6.0]","[12.0, 10.0, 12.5]",solved,True,sat-hadd,30.0,0.448603,0,62,33.0,33.0,21.0,21.0,12.0,32.0,8.0,0.8,True,True,16,10,3,3,12,33.0,/mnt/c/Users/Endri/Desktop/planetary-rover-experimental-study/experiments/generated_problems/battery_full_calibration/rover-battery-n3-mem-medium-corr-medium-seed-2.pddl,/mnt/c/Users/Endri/Desktop/planetary-rover-experimental-study/experiments/generated_problems/battery_full_calibration/rover-battery-n3-mem-medium-corr-medium-seed-2.json,/mnt/c/Users/Endri/Desktop/planetary-rover-experimental-study/experiments/raw_outputs/battery_full_calibration/rover-battery-n3-mem-medium-corr-medium-seed-2.txt,
rover-battery-n3-mem-medium-corr-medium-seed-3,battery,3,3,medium,0.7,11.0,15.0,1.363636,,2.8333333333333335,8.5,1.4285714285714286,28.0,40,12.0,"[""steep"", ""rocky"", ""steep""]","[{""from"": ""base"", ""to"": ""site1"", ""profile"": ""steep"", ""travel_time"": 3.0, ""energy_cost"": 5.0}, {""from"": ""site1"", ""to"": ""site2"", ""profile"": ""rocky"", ""travel_time"": 2.5, ""energy_cost"": 4.0}, {""from"": ""site2"", ""to"": ""site3"", ""profile"": ""steep"", ""travel_time"": 3.0, ""energy_cost"": 5.0}]",medium,3,0,True,"[3, 6, 6]","[3, 4, 5]","[8.0, 10.0, 6.0]","[11.0, 15.5, 14.5]",unsolvable,False,sat-hadd,30.0,1.21448,0,,,,,,,,,,,,0,0,0,0,0,0,/mnt/c/Users/Endri/Desktop/planetary-rover-experimental-study/experiments/generated_problems/battery_full_calibration/rover-battery-n3-mem-medium-corr-medium-seed-3.pddl,/mnt/c/Users/Endri/Desktop/planetary-rover-experimental-study/experiments/generated_problems/battery_full_calibration/rover-battery-n3-mem-medium-corr-medium-seed-3.json,/mnt/c/Users/Endri/Desktop/planetary-rover-experimental-study/experiments/raw_outputs/battery_full_calibration/rover-battery-n3-mem-medium-corr-medium-seed-3.txt,
rover-battery-n3-mem-medium-corr-medium-seed-4,battery,4,3,medium,0.7,7.0,9.0,1.285714,,2.3333333333333335,7.0,1.8181818181818181,22.0,40,18.0,"[""steep"", ""easy"", ""rocky""]","[{""from"": ""base"", ""to"": ""site1"", ""profile"": ""steep"", ""travel_time"": 3.0, ""energy_cost"": 5.0}, {""from"": ""site1"", ""to"": ""site2"", ""profile"": ""easy"", ""travel_time"": 1.5, ""energy_cost"": 2.0}, {""from"": ""site2"", ""to"": ""site3"", ""profile"": ""rocky"", ""travel_time"": 2.5, ""energy_cost"": 4.0}]",medium,3,0,True,"[3, 4, 2]","[5, 5, 3]","[8.0, 6.0, 8.0]","[13.0, 11.0, 15.0]",solved,True,sat-hadd,30.0,0.530012,0,61,32.0,32.0,23.0,23.0,9.0,36.0,4.0,0.9,True,True,16,10,3,3,12,32.0,/mnt/c/Users/Endri/Desktop/planetary-rover-experimental-study/experiments/generated_problems/battery_full_calibration/rover-battery-n3-mem-medium-corr-medium-seed-4.pddl,/mnt/c/Users/Endri/Desktop/planetary-rover-experimental-study/experiments/generated_problems/battery_full_calibration/rover-battery-n3-mem-medium-corr-medium-seed-4.json,/mnt/c/Users/Endri/Desktop/planetary-rover-experimental-study/experiments/raw_outputs/battery_full_calibration/rover-battery-n3-mem-medium-corr-medium-seed-4.txt,
rover-battery-n3-mem-medium-corr-high-seed-0,battery,0,3,medium,0.7,9.0,12.0,1.333333,,2.0,6.0,2.2222222222222223,18.0,40,22.0,"[""easy"", ""easy"", ""steep""]","[{""from"": ""base"", ""to"": ""site1"", ""profile"": ""easy"", ""travel_time"": 1.5, ""energy_cost"": 2.0}, {""from"": ""site1"", ""to"": ""site2"", ""profile"": ""easy"", ""travel_time"": 1.5, ""energy_cost"": 2.0}, {""from"": ""site2"", ""to"": ""site3"", ""profile"": ""steep"", ""travel_time"": 3.0, ""energy_cost"": 5.0}]",high,3,0,True,"[5, 5, 2]","[4, 5, 5]","[5.0, 5.0, 4.0]","[9.0, 10.0, 10.0]",solved,True,sat-hadd,30.0,0.453173,0,68,35.0,35.0,21.0,21.0,14.0,30.0,10.0,0.75,True,True,18,12,3,3,15,35.0,/mnt/c/Users/Endri/Desktop/planetary-rover-experimental-study/experiments/generated_problems/battery_full_calibration/rover-battery-n3-mem-medium-corr-high-seed-0.pddl,/mnt/c/Users/Endri/Desktop/planetary-rover-experimental-study/experiments/generated_problems/battery_full_calibration/rover-battery-n3-mem-medium-corr-high-seed-0.json,/mnt/c/Users/Endri/Desktop/planetary-rover-experimental-study/experiments/raw_outputs/battery_full_calibration/rover-battery-n3-mem-medium-corr-high-seed-0.txt,
rover-battery-n3-mem-medium-corr-high-seed-1,battery,1,3,medium,0.7,8.0,11.0,1.375,,2.6666666666666665,8.0,1.5384615384615385,26.0,40,14.0,"[""steep"", ""moderate"", ""steep""]","[{""from"": ""base"", ""to"": ""site1"", ""profile"": ""steep"", ""travel_time"": 3.0, ""energy_cost"": 5.0}, {""from"": ""site1"", ""to"": ""site2"", ""profile"": ""moderate"", ""travel_time"": 2.0, ""energy_cost"": 3.0}, {""from"": ""site2"", ""to"": ""site3"", ""profile"": ""steep"", ""travel_time"": 3.0, ""energy_cost"": 5.0}]",high,3,0,True,"[3, 6, 2]","[4, 2, 5]","[4.0, 3.0, 3.0]","[8.0, 8.0, 11.0]",solved,True,sat-hadd,30.0,0.601883,0,53,28.0,28.0,22.0,22.0,6.0,36.0,4.0,0.9,True,True,14,8,3,3,10,28.0,/mnt/c/Users/Endri/Desktop/planetary-rover-experimental-study/experiments/generated_problems/battery_full_calibration/rover-battery-n3-mem-medium-corr-high-seed-1.pddl,/mnt/c/Users/Endri/Desktop/planetary-rover-experimental-study/experiments/generated_problems/battery_full_calibration/rover-battery-n3-mem-medium-corr-high-seed-1.json,/mnt/c/Users/Endri/Desktop/planetary-rover-experimental-study/experiments/raw_outputs/battery_full_calibration/rover-battery-n3-mem-medium-corr-high-seed-1.txt,
rover-battery-n3-mem-medium-corr-high-seed-2,battery,2,3,medium,0.7,5.0,6.0,1.2,,2.1666666666666665,6.5,2.0,20.0,40,20.0,"[""easy"", ""rocky"", ""rocky""]","[{""from"": ""base"", ""to"": ""site1"", ""profile"": ""easy"", ""travel_time"": 1.5, ""energy_cost"": 2.0}, {""from"": ""site1"", ""to"": ""site2"", ""profile"": ""rocky"", ""travel_time"": 2.5, ""energy_cost"": 4.0}, {""from"": ""site2"", ""to"": ""site3"", ""profile"": ""rocky"", ""travel_time"": 2.5, ""energy_cost"": 4.0}]",high,3,0,True,"[2, 2, 2]","[4, 3, 4]","[4.0, 3.0, 3.0]","[8.0, 7.0, 9.5]",solved,True,sat-hadd,30.0,0.436123,0,69,36.0,36.0,24.0,24.0,12.0,36.0,4.0,0.9,True,True,18,12,3,3,15,36.0,/mnt/c/Users/Endri/Desktop/planetary-rover-experimental-study/experiments/generated_problems/battery_full_calibration/rover-battery-n3-mem-medium-corr-high-seed-2.pddl,/mnt/c/Users/Endri/Desktop/planetary-rover-experimental-study/experiments/generated_problems/battery_full_calibration/rover-battery-n3-mem-medium-corr-high-seed-2.json,/mnt/c/Users/Endri/Desktop/planetary-rover-experimental-study/experiments/raw_outputs/battery_full_calibration/rover-battery-n3-mem-medium-corr-high-seed-2.txt,
rover-battery-n3-mem-medium-corr-high-seed-3,battery,3,3,medium,0.7,11.0,15.0,1.363636,,2.8333333333333335,8.5,1.4285714285714286,28.0,40,12.0,"[""steep"", ""rocky"", ""steep""]","[{""from"": ""base"", ""to"": ""site1"", ""profile"": ""steep"", ""travel_time"": 3.0, ""energy_cost"": 5.0}, {""from"": ""site1"", ""to"": ""site2"", ""profile"": ""rocky"", ""travel_time"": 2.5, ""energy_cost"": 4.0}, {""from"": ""site2"", ""to"": ""site3"", ""profile"": ""steep"", ""travel_time"": 3.0, ""energy_cost"": 5.0}]",high,3,0,True,"[3, 6, 6]","[3, 4, 5]","[4.0, 5.0, 3.0]","[7.0, 10.5, 11.5]",unsolvable,False,sat-hadd,30.0,0.77997,0,,,,,,,,,,,,0,0,0,0,0,0,/mnt/c/Users/Endri/Desktop/planetary-rover-experimental-study/experiments/generated_problems/battery_full_calibration/rover-battery-n3-mem-medium-corr-high-seed-3.pddl,/mnt/c/Users/Endri/Desktop/planetary-rover-experimental-study/experiments/generated_problems/battery_full_calibration/rover-battery-n3-mem-medium-corr-high-seed-3.json,/mnt/c/Users/Endri/Desktop/planetary-rover-experimental-study/experiments/raw_outputs/battery_full_calibration/rover-battery-n3-mem-medium-corr-high-seed-3.txt,
rover-battery-n3-mem-medium-corr-high-seed-4,battery,4,3,medium,0.7,7.0,9.0,1.285714,,2.3333333333333335,7.0,1.8181818181818181,22.0,40,18.0,"[""steep"", ""easy"", ""rocky""]","[{""from"": ""base"", ""to"": ""site1"", ""profile"": ""steep"", ""travel_time"": 3.0, ""energy_cost"": 5.0}, {""from"": ""site1"", ""to"": ""site2"", ""profile"": ""easy"", ""travel_time"": 1.5, ""energy_cost"": 2.0}, {""from"": ""site2"", ""to"": ""site3"", ""profile"": ""rocky"", ""travel_time"": 2.5, ""energy_cost"": 4.0}]",high,3,0,True,"[3, 4, 2]","[5, 5, 3]","[4.0, 3.0, 4.0]","[9.0, 8.0, 11.0]",solved,True,sat-hadd,30.0,0.447823,0,58,29.0,29.0,23.0,23.0,6.0,36.0,4.0,0.9,True,True,16,10,3,3,12,29.0,/mnt/c/Users/Endri/Desktop/planetary-rover-experimental-study/experiments/generated_problems/battery_full_calibration/rover-battery-n3-mem-medium-corr-high-seed-4.pddl,/mnt/c/Users/Endri/Desktop/planetary-rover-experimental-study/experiments/generated_problems/battery_full_calibration/rover-battery-n3-mem-medium-corr-high-seed-4.json,/mnt/c/Users/Endri/Desktop/planetary-rover-experimental-study/experiments/raw_outputs/battery_full_calibration/rover-battery-n3-mem-medium-corr-high-seed-4.txt,
rover-battery-n3-mem-high-corr-low-seed-0,battery,0,3,high,1.0,12.0,12.0,1.0,,2.0,6.0,2.2222222222222223,18.0,40,22.0,"[""easy"", ""easy"", ""steep""]","[{""from"": ""base"", ""to"": ""site1"", ""profile"": ""easy"", ""travel_time"": 1.5, ""energy_cost"": 2.0}, {""from"": ""site1"", ""to"": ""site2"", ""profile"": ""easy"", ""travel_time"": 1.5, ""energy_cost"": 2.0}, {""from"": ""site2"", ""to"": ""site3"", ""profile"": ""steep"", ""travel_time"": 3.0, ""energy_cost"": 5.0}]",low,3,0,True,"[5, 5, 2]","[4, 5, 5]","[14.0, 14.0, 12.0]","[18.0, 19.0, 18.0]",solved,True,sat-hadd,30.0,0.481041,0,63,34.0,34.0,18.0,18.0,16.0,26.0,14.0,0.65,True,True,16,10,3,3,13,34.0,/mnt/c/Users/Endri/Desktop/planetary-rover-experimental-study/experiments/generated_problems/battery_full_calibration/rover-battery-n3-mem-high-corr-low-seed-0.pddl,/mnt/c/Users/Endri/Desktop/planetary-rover-experimental-study/experiments/generated_problems/battery_full_calibration/rover-battery-n3-mem-high-corr-low-seed-0.json,/mnt/c/Users/Endri/Desktop/planetary-rover-experimental-study/experiments/raw_outputs/battery_full_calibration/rover-battery-n3-mem-high-corr-low-seed-0.txt,
rover-battery-n3-mem-high-corr-low-seed-1,battery,1,3,high,1.0,11.0,11.0,1.0,,2.6666666666666665,8.0,1.5384615384615385,26.0,40,14.0,"[""steep"", ""moderate"", ""steep""]","[{""from"": ""base"", ""to"": ""site1"", ""profile"": ""steep"", ""travel_time"": 3.0, ""energy_cost"": 5.0}, {""from"": ""site1"", ""to"": ""site2"", ""profile"": ""moderate"", ""travel_time"": 2.0, ""energy_cost"": 3.0}, {""from"": ""site2"", ""to"": ""site3"", ""profile"": ""steep"", ""travel_time"": 3.0, ""energy_cost"": 5.0}]",low,3,0,True,"[3, 6, 2]","[4, 2, 5]","[12.0, 10.0, 10.0]","[16.0, 15.0, 18.0]",solved,True,sat-hadd,30.0,0.547825,0,39,18.0,18.0,16.0,16.0,2.0,26.0,14.0,0.65,True,True,12,6,3,3,7,18.0,/mnt/c/Users/Endri/Desktop/planetary-rover-experimental-study/experiments/generated_problems/battery_full_calibration/rover-battery-n3-mem-high-corr-low-seed-1.pddl,/mnt/c/Users/Endri/Desktop/planetary-rover-experimental-study/experiments/generated_problems/battery_full_calibration/rover-battery-n3-mem-high-corr-low-seed-1.json,/mnt/c/Users/Endri/Desktop/planetary-rover-experimental-study/experiments/raw_outputs/battery_full_calibration/rover-battery-n3-mem-high-corr-low-seed-1.txt,
rover-battery-n3-mem-high-corr-low-seed-2,battery,2,3,high,1.0,6.0,6.0,1.0,,2.1666666666666665,6.5,2.0,20.0,40,20.0,"[""easy"", ""rocky"", ""rocky""]","[{""from"": ""base"", ""to"": ""site1"", ""profile"": ""easy"", ""travel_time"": 1.5, ""energy_cost"": 2.0}, {""from"": ""site1"", ""to"": ""site2"", ""profile"": ""rocky"", ""travel_time"": 2.5, ""energy_cost"": 4.0}, {""from"": ""site2"", ""to"": ""site3"", ""profile"": ""rocky"", ""travel_time"": 2.5, ""energy_cost"": 4.0}]",low,3,0,True,"[2, 2, 2]","[4, 3, 4]","[12.0, 10.0, 10.0]","[16.0, 14.0, 16.5]",solved,True,sat-hadd,30.0,0.475167,0,66,37.0,37.0,21.0,21.0,16.0,32.0,8.0,0.8,True,True,16,10,3,3,13,37.0,/mnt/c/Users/Endri/Desktop/planetary-rover-experimental-study/experiments/generated_problems/battery_full_calibration/rover-battery-n3-mem-high-corr-low-seed-2.pddl,/mnt/c/Users/Endri/Desktop/planetary-rover-experimental-study/experiments/generated_problems/battery_full_calibration/rover-battery-n3-mem-high-corr-low-seed-2.json,/mnt/c/Users/Endri/Desktop/planetary-rover-experimental-study/experiments/raw_outputs/battery_full_calibration/rover-battery-n3-mem-high-corr-low-seed-2.txt,
rover-battery-n3-mem-high-corr-low-seed-3,battery,3,3,high,1.0,15.0,15.0,1.0,,2.8333333333333335,8.5,1.4285714285714286,28.0,40,12.0,"[""steep"", ""rocky"", ""steep""]","[{""from"": ""base"", ""to"": ""site1"", ""profile"": ""steep"", ""travel_time"": 3.0, ""energy_cost"": 5.0}, {""from"": ""site1"", ""to"": ""site2"", ""profile"": ""rocky"", ""travel_time"": 2.5, ""energy_cost"": 4.0}, {""from"": ""site2"", ""to"": ""site3"", ""profile"": ""steep"", ""travel_time"": 3.0, ""energy_cost"": 5.0}]",low,3,0,True,"[3, 6, 6]","[3, 4, 5]","[12.0, 14.0, 10.0]","[15.0, 19.5, 18.5]",solved,True,sat-hadd,30.0,1.433582,0,46,25.0,25.0,17.0,17.0,8.0,28.0,12.0,0.7,True,True,12,6,3,3,8,25.0,/mnt/c/Users/Endri/Desktop/planetary-rover-experimental-study/experiments/generated_problems/battery_full_calibration/rover-battery-n3-mem-high-corr-low-seed-3.pddl,/mnt/c/Users/Endri/Desktop/planetary-rover-experimental-study/experiments/generated_problems/battery_full_calibration/rover-battery-n3-mem-high-corr-low-seed-3.json,/mnt/c/Users/Endri/Desktop/planetary-rover-experimental-study/experiments/raw_outputs/battery_full_calibration/rover-battery-n3-mem-high-corr-low-seed-3.txt,
rover-battery-n3-mem-high-corr-low-seed-4,battery,4,3,high,1.0,9.0,9.0,1.0,,2.3333333333333335,7.0,1.8181818181818181,22.0,40,18.0,"[""steep"", ""easy"", ""rocky""]","[{""from"": ""base"", ""to"": ""site1"", ""profile"": ""steep"", ""travel_time"": 3.0, ""energy_cost"": 5.0}, {""from"": ""site1"", ""to"": ""site2"", ""profile"": ""easy"", ""travel_time"": 1.5, ""energy_cost"": 2.0}, {""from"": ""site2"", ""to"": ""site3"", ""profile"": ""rocky"", ""travel_time"": 2.5, ""energy_cost"": 4.0}]",low,3,0,True,"[3, 4, 2]","[5, 5, 3]","[12.0, 10.0, 12.0]","[17.0, 15.0, 19.0]",solved,True,sat-hadd,30.0,0.613806,0,40,19.0,19.0,14.0,14.0,5.0,22.0,18.0,0.55,True,True,12,6,3,3,7,19.0,/mnt/c/Users/Endri/Desktop/planetary-rover-experimental-study/experiments/generated_problems/battery_full_calibration/rover-battery-n3-mem-high-corr-low-seed-4.pddl,/mnt/c/Users/Endri/Desktop/planetary-rover-experimental-study/experiments/generated_problems/battery_full_calibration/rover-battery-n3-mem-high-corr-low-seed-4.json,/mnt/c/Users/Endri/Desktop/planetary-rover-experimental-study/experiments/raw_outputs/battery_full_calibration/rover-battery-n3-mem-high-corr-low-seed-4.txt,
rover-battery-n3-mem-high-corr-medium-seed-0,battery,0,3,high,1.0,12.0,12.0,1.0,,2.0,6.0,2.2222222222222223,18.0,40,22.0,"[""easy"", ""easy"", ""steep""]","[{""from"": ""base"", ""to"": ""site1"", ""profile"": ""easy"", ""travel_time"": 1.5, ""energy_cost"": 2.0}, {""from"": ""site1"", ""to"": ""site2"", ""profile"": ""easy"", ""travel_time"": 1.5, ""energy_cost"": 2.0}, {""from"": ""site2"", ""to"": ""site3"", ""profile"": ""steep"", ""travel_time"": 3.0, ""energy_cost"": 5.0}]",medium,3,0,True,"[5, 5, 2]","[4, 5, 5]","[10.0, 10.0, 8.0]","[14.0, 15.0, 14.0]",solved,True,sat-hadd,30.0,0.442177,0,63,34.0,34.0,18.0,18.0,16.0,26.0,14.0,0.65,True,True,16,10,3,3,13,34.0,/mnt/c/Users/Endri/Desktop/planetary-rover-experimental-study/experiments/generated_problems/battery_full_calibration/rover-battery-n3-mem-high-corr-medium-seed-0.pddl,/mnt/c/Users/Endri/Desktop/planetary-rover-experimental-study/experiments/generated_problems/battery_full_calibration/rover-battery-n3-mem-high-corr-medium-seed-0.json,/mnt/c/Users/Endri/Desktop/planetary-rover-experimental-study/experiments/raw_outputs/battery_full_calibration/rover-battery-n3-mem-high-corr-medium-seed-0.txt,
rover-battery-n3-mem-high-corr-medium-seed-1,battery,1,3,high,1.0,11.0,11.0,1.0,,2.6666666666666665,8.0,1.5384615384615385,26.0,40,14.0,"[""steep"", ""moderate"", ""steep""]","[{""from"": ""base"", ""to"": ""site1"", ""profile"": ""steep"", ""travel_time"": 3.0, ""energy_cost"": 5.0}, {""from"": ""site1"", ""to"": ""site2"", ""profile"": ""moderate"", ""travel_time"": 2.0, ""energy_cost"": 3.0}, {""from"": ""site2"", ""to"": ""site3"", ""profile"": ""steep"", ""travel_time"": 3.0, ""energy_cost"": 5.0}]",medium,3,0,True,"[3, 6, 2]","[4, 2, 5]","[8.0, 6.0, 6.0]","[12.0, 11.0, 14.0]",solved,True,sat-hadd,30.0,0.947331,0,56,31.0,31.0,22.0,22.0,9.0,36.0,4.0,0.9,True,True,14,8,3,3,10,31.0,/mnt/c/Users/Endri/Desktop/planetary-rover-experimental-study/experiments/generated_problems/battery_full_calibration/rover-battery-n3-mem-high-corr-medium-seed-1.pddl,/mnt/c/Users/Endri/Desktop/planetary-rover-experimental-study/experiments/generated_problems/battery_full_calibration/rover-battery-n3-mem-high-corr-medium-seed-1.json,/mnt/c/Users/Endri/Desktop/planetary-rover-experimental-study/experiments/raw_outputs/battery_full_calibration/rover-battery-n3-mem-high-corr-medium-seed-1.txt,
rover-battery-n3-mem-high-corr-medium-seed-2,battery,2,3,high,1.0,6.0,6.0,1.0,,2.1666666666666665,6.5,2.0,20.0,40,20.0,"[""easy"", ""rocky"", ""rocky""]","[{""from"": ""base"", ""to"": ""site1"", ""profile"": ""easy"", ""travel_time"": 1.5, ""energy_cost"": 2.0}, {""from"": ""site1"", ""to"": ""site2"", ""profile"": ""rocky"", ""travel_time"": 2.5, ""energy_cost"": 4.0}, {""from"": ""site2"", ""to"": ""site3"", ""profile"": ""rocky"", ""travel_time"": 2.5, ""energy_cost"": 4.0}]",medium,3,0,True,"[2, 2, 2]","[4, 3, 4]","[8.0, 6.0, 6.0]","[12.0, 10.0, 12.5]",solved,True,sat-hadd,30.0,0.406187,0,62,33.0,33.0,21.0,21.0,12.0,32.0,8.0,0.8,True,True,16,10,3,3,12,33.0,/mnt/c/Users/Endri/Desktop/planetary-rover-experimental-study/experiments/generated_problems/battery_full_calibration/rover-battery-n3-mem-high-corr-medium-seed-2.pddl,/mnt/c/Users/Endri/Desktop/planetary-rover-experimental-study/experiments/generated_problems/battery_full_calibration/rover-battery-n3-mem-high-corr-medium-seed-2.json,/mnt/c/Users/Endri/Desktop/planetary-rover-experimental-study/experiments/raw_outputs/battery_full_calibration/rover-battery-n3-mem-high-corr-medium-seed-2.txt,
rover-battery-n3-mem-high-corr-medium-seed-3,battery,3,3,high,1.0,15.0,15.0,1.0,,2.8333333333333335,8.5,1.4285714285714286,28.0,40,12.0,"[""steep"", ""rocky"", ""steep""]","[{""from"": ""base"", ""to"": ""site1"", ""profile"": ""steep"", ""travel_time"": 3.0, ""energy_cost"": 5.0}, {""from"": ""site1"", ""to"": ""site2"", ""profile"": ""rocky"", ""travel_time"": 2.5, ""energy_cost"": 4.0}, {""from"": ""site2"", ""to"": ""site3"", ""profile"": ""steep"", ""travel_time"": 3.0, ""energy_cost"": 5.0}]",medium,3,0,True,"[3, 6, 6]","[3, 4, 5]","[8.0, 10.0, 6.0]","[11.0, 15.5, 14.5]",solved,True,sat-hadd,30.0,0.964947,0,42,21.0,21.0,17.0,17.0,4.0,28.0,12.0,0.7,True,True,12,6,3,3,7,21.0,/mnt/c/Users/Endri/Desktop/planetary-rover-experimental-study/experiments/generated_problems/battery_full_calibration/rover-battery-n3-mem-high-corr-medium-seed-3.pddl,/mnt/c/Users/Endri/Desktop/planetary-rover-experimental-study/experiments/generated_problems/battery_full_calibration/rover-battery-n3-mem-high-corr-medium-seed-3.json,/mnt/c/Users/Endri/Desktop/planetary-rover-experimental-study/experiments/raw_outputs/battery_full_calibration/rover-battery-n3-mem-high-corr-medium-seed-3.txt,
rover-battery-n3-mem-high-corr-medium-seed-4,battery,4,3,high,1.0,9.0,9.0,1.0,,2.3333333333333335,7.0,1.8181818181818181,22.0,40,18.0,"[""steep"", ""easy"", ""rocky""]","[{""from"": ""base"", ""to"": ""site1"", ""profile"": ""steep"", ""travel_time"": 3.0, ""energy_cost"": 5.0}, {""from"": ""site1"", ""to"": ""site2"", ""profile"": ""easy"", ""travel_time"": 1.5, ""energy_cost"": 2.0}, {""from"": ""site2"", ""to"": ""site3"", ""profile"": ""rocky"", ""travel_time"": 2.5, ""energy_cost"": 4.0}]",medium,3,0,True,"[3, 4, 2]","[5, 5, 3]","[8.0, 6.0, 8.0]","[13.0, 11.0, 15.0]",solved,True,sat-hadd,30.0,0.534908,0,61,32.0,32.0,23.0,23.0,9.0,36.0,4.0,0.9,True,True,16,10,3,3,12,32.0,/mnt/c/Users/Endri/Desktop/planetary-rover-experimental-study/experiments/generated_problems/battery_full_calibration/rover-battery-n3-mem-high-corr-medium-seed-4.pddl,/mnt/c/Users/Endri/Desktop/planetary-rover-experimental-study/experiments/generated_problems/battery_full_calibration/rover-battery-n3-mem-high-corr-medium-seed-4.json,/mnt/c/Users/Endri/Desktop/planetary-rover-experimental-study/experiments/raw_outputs/battery_full_calibration/rover-battery-n3-mem-high-corr-medium-seed-4.txt,
rover-battery-n3-mem-high-corr-high-seed-0,battery,0,3,high,1.0,12.0,12.0,1.0,,2.0,6.0,2.2222222222222223,18.0,40,22.0,"[""easy"", ""easy"", ""steep""]","[{""from"": ""base"", ""to"": ""site1"", ""profile"": ""easy"", ""travel_time"": 1.5, ""energy_cost"": 2.0}, {""from"": ""site1"", ""to"": ""site2"", ""profile"": ""easy"", ""travel_time"": 1.5, ""energy_cost"": 2.0}, {""from"": ""site2"", ""to"": ""site3"", ""profile"": ""steep"", ""travel_time"": 3.0, ""energy_cost"": 5.0}]",high,3,0,True,"[5, 5, 2]","[4, 5, 5]","[5.0, 5.0, 4.0]","[9.0, 10.0, 10.0]",solved,True,sat-hadd,30.0,0.397631,0,56,27.0,27.0,18.0,18.0,9.0,26.0,14.0,0.65,True,True,16,10,3,3,13,27.0,/mnt/c/Users/Endri/Desktop/planetary-rover-experimental-study/experiments/generated_problems/battery_full_calibration/rover-battery-n3-mem-high-corr-high-seed-0.pddl,/mnt/c/Users/Endri/Desktop/planetary-rover-experimental-study/experiments/generated_problems/battery_full_calibration/rover-battery-n3-mem-high-corr-high-seed-0.json,/mnt/c/Users/Endri/Desktop/planetary-rover-experimental-study/experiments/raw_outputs/battery_full_calibration/rover-battery-n3-mem-high-corr-high-seed-0.txt,
rover-battery-n3-mem-high-corr-high-seed-1,battery,1,3,high,1.0,11.0,11.0,1.0,,2.6666666666666665,8.0,1.5384615384615385,26.0,40,14.0,"[""steep"", ""moderate"", ""steep""]","[{""from"": ""base"", ""to"": ""site1"", ""profile"": ""steep"", ""travel_time"": 3.0, ""energy_cost"": 5.0}, {""from"": ""site1"", ""to"": ""site2"", ""profile"": ""moderate"", ""travel_time"": 2.0, ""energy_cost"": 3.0}, {""from"": ""site2"", ""to"": ""site3"", ""profile"": ""steep"", ""travel_time"": 3.0, ""energy_cost"": 5.0}]",high,3,0,True,"[3, 6, 2]","[4, 2, 5]","[4.0, 3.0, 3.0]","[8.0, 8.0, 11.0]",solved,True,sat-hadd,30.0,0.630587,0,53,28.0,28.0,22.0,22.0,6.0,36.0,4.0,0.9,True,True,14,8,3,3,10,28.0,/mnt/c/Users/Endri/Desktop/planetary-rover-experimental-study/experiments/generated_problems/battery_full_calibration/rover-battery-n3-mem-high-corr-high-seed-1.pddl,/mnt/c/Users/Endri/Desktop/planetary-rover-experimental-study/experiments/generated_problems/battery_full_calibration/rover-battery-n3-mem-high-corr-high-seed-1.json,/mnt/c/Users/Endri/Desktop/planetary-rover-experimental-study/experiments/raw_outputs/battery_full_calibration/rover-battery-n3-mem-high-corr-high-seed-1.txt,
rover-battery-n3-mem-high-corr-high-seed-2,battery,2,3,high,1.0,6.0,6.0,1.0,,2.1666666666666665,6.5,2.0,20.0,40,20.0,"[""easy"", ""rocky"", ""rocky""]","[{""from"": ""base"", ""to"": ""site1"", ""profile"": ""easy"", ""travel_time"": 1.5, ""energy_cost"": 2.0}, {""from"": ""site1"", ""to"": ""site2"", ""profile"": ""rocky"", ""travel_time"": 2.5, ""energy_cost"": 4.0}, {""from"": ""site2"", ""to"": ""site3"", ""profile"": ""rocky"", ""travel_time"": 2.5, ""energy_cost"": 4.0}]",high,3,0,True,"[2, 2, 2]","[4, 3, 4]","[4.0, 3.0, 3.0]","[8.0, 7.0, 9.5]",solved,True,sat-hadd,30.0,0.42906,0,69,36.0,36.0,24.0,24.0,12.0,36.0,4.0,0.9,True,True,18,12,3,3,15,36.0,/mnt/c/Users/Endri/Desktop/planetary-rover-experimental-study/experiments/generated_problems/battery_full_calibration/rover-battery-n3-mem-high-corr-high-seed-2.pddl,/mnt/c/Users/Endri/Desktop/planetary-rover-experimental-study/experiments/generated_problems/battery_full_calibration/rover-battery-n3-mem-high-corr-high-seed-2.json,/mnt/c/Users/Endri/Desktop/planetary-rover-experimental-study/experiments/raw_outputs/battery_full_calibration/rover-battery-n3-mem-high-corr-high-seed-2.txt,
rover-battery-n3-mem-high-corr-high-seed-3,battery,3,3,high,1.0,15.0,15.0,1.0,,2.8333333333333335,8.5,1.4285714285714286,28.0,40,12.0,"[""steep"", ""rocky"", ""steep""]","[{""from"": ""base"", ""to"": ""site1"", ""profile"": ""steep"", ""travel_time"": 3.0, ""energy_cost"": 5.0}, {""from"": ""site1"", ""to"": ""site2"", ""profile"": ""rocky"", ""travel_time"": 2.5, ""energy_cost"": 4.0}, {""from"": ""site2"", ""to"": ""site3"", ""profile"": ""steep"", ""travel_time"": 3.0, ""energy_cost"": 5.0}]",high,3,0,True,"[3, 6, 6]","[3, 4, 5]","[4.0, 5.0, 3.0]","[7.0, 10.5, 11.5]",solved,True,sat-hadd,30.0,0.616371,0,54,29.0,29.0,23.0,23.0,6.0,38.0,2.0,0.95,True,True,14,8,3,3,10,29.0,/mnt/c/Users/Endri/Desktop/planetary-rover-experimental-study/experiments/generated_problems/battery_full_calibration/rover-battery-n3-mem-high-corr-high-seed-3.pddl,/mnt/c/Users/Endri/Desktop/planetary-rover-experimental-study/experiments/generated_problems/battery_full_calibration/rover-battery-n3-mem-high-corr-high-seed-3.json,/mnt/c/Users/Endri/Desktop/planetary-rover-experimental-study/experiments/raw_outputs/battery_full_calibration/rover-battery-n3-mem-high-corr-high-seed-3.txt,
rover-battery-n3-mem-high-corr-high-seed-4,battery,4,3,high,1.0,9.0,9.0,1.0,,2.3333333333333335,7.0,1.8181818181818181,22.0,40,18.0,"[""steep"", ""easy"", ""rocky""]","[{""from"": ""base"", ""to"": ""site1"", ""profile"": ""steep"", ""travel_time"": 3.0, ""energy_cost"": 5.0}, {""from"": ""site1"", ""to"": ""site2"", ""profile"": ""easy"", ""travel_time"": 1.5, ""energy_cost"": 2.0}, {""from"": ""site2"", ""to"": ""site3"", ""profile"": ""rocky"", ""travel_time"": 2.5, ""energy_cost"": 4.0}]",high,3,0,True,"[3, 4, 2]","[5, 5, 3]","[4.0, 3.0, 4.0]","[9.0, 8.0, 11.0]",solved,True,sat-hadd,30.0,0.424606,0,58,29.0,29.0,23.0,23.0,6.0,36.0,4.0,0.9,True,True,16,10,3,3,12,29.0,/mnt/c/Users/Endri/Desktop/planetary-rover-experimental-study/experiments/generated_problems/battery_full_calibration/rover-battery-n3-mem-high-corr-high-seed-4.pddl,/mnt/c/Users/Endri/Desktop/planetary-rover-experimental-study/experiments/generated_problems/battery_full_calibration/rover-battery-n3-mem-high-corr-high-seed-4.json,/mnt/c/Users/Endri/Desktop/planetary-rover-experimental-study/experiments/raw_outputs/battery_full_calibration/rover-battery-n3-mem-high-corr-high-seed-4.txt,
rover-battery-n4-mem-low-corr-low-seed-0,battery,0,4,low,0.45,8.0,16.0,2.0,,2.0,8.0,1.6666666666666667,24.0,40,16.0,"[""easy"", ""easy"", ""steep"", ""moderate""]","[{""from"": ""base"", ""to"": ""site1"", ""profile"": ""easy"", ""travel_time"": 1.5, ""energy_cost"": 2.0}, {""from"": ""site1"", ""to"": ""site2"", ""profile"": ""easy"", ""travel_time"": 1.5, ""energy_cost"": 2.0}, {""from"": ""site2"", ""to"": ""site3"", ""profile"": ""steep"", ""travel_time"": 3.0, ""energy_cost"": 5.0}, {""from"": ""site3"", ""to"": ""site4"", ""profile"": ""moderate"", ""travel_time"": 2.0, ""energy_cost"": 3.0}]",low,4,0,True,"[5, 5, 2, 4]","[5, 5, 4, 5]","[14.0, 14.0, 12.0, 14.0]","[19.0, 19.0, 18.0, 22.0]",solved,True,sat-hadd,30.0,3.605412,0,86,46.0,46.0,25.0,25.0,21.0,36.0,4.0,0.9,True,True,22,14,4,4,18,46.0,/mnt/c/Users/Endri/Desktop/planetary-rover-experimental-study/experiments/generated_problems/battery_full_calibration/rover-battery-n4-mem-low-corr-low-seed-0.pddl,/mnt/c/Users/Endri/Desktop/planetary-rover-experimental-study/experiments/generated_problems/battery_full_calibration/rover-battery-n4-mem-low-corr-low-seed-0.json,/mnt/c/Users/Endri/Desktop/planetary-rover-experimental-study/experiments/raw_outputs/battery_full_calibration/rover-battery-n4-mem-low-corr-low-seed-0.txt,
rover-battery-n4-mem-low-corr-low-seed-1,battery,1,4,low,0.45,7.0,15.0,2.142857,,2.5,10.0,1.25,32.0,40,8.0,"[""steep"", ""moderate"", ""steep"", ""moderate""]","[{""from"": ""base"", ""to"": ""site1"", ""profile"": ""steep"", ""travel_time"": 3.0, ""energy_cost"": 5.0}, {""from"": ""site1"", ""to"": ""site2"", ""profile"": ""moderate"", ""travel_time"": 2.0, ""energy_cost"": 3.0}, {""from"": ""site2"", ""to"": ""site3"", ""profile"": ""steep"", ""travel_time"": 3.0, ""energy_cost"": 5.0}, {""from"": ""site3"", ""to"": ""site4"", ""profile"": ""moderate"", ""travel_time"": 2.0, ""energy_cost"": 3.0}]",low,4,0,True,"[3, 6, 2, 4]","[2, 5, 5, 5]","[12.0, 10.0, 10.0, 12.0]","[15.0, 15.0, 18.0, 22.0]",unsolvable,False,sat-hadd,30.0,3.801563,0,,,,,,,,,,,,0,0,0,0,0,0,/mnt/c/Users/Endri/Desktop/planetary-rover-experimental-study/experiments/generated_problems/battery_full_calibration/rover-battery-n4-mem-low-corr-low-seed-1.pddl,/mnt/c/Users/Endri/Desktop/planetary-rover-experimental-study/experiments/generated_problems/battery_full_calibration/rover-battery-n4-mem-low-corr-low-seed-1.json,/mnt/c/Users/Endri/Desktop/planetary-rover-experimental-study/experiments/raw_outputs/battery_full_calibration/rover-battery-n4-mem-low-corr-low-seed-1.txt,
rover-battery-n4-mem-low-corr-low-seed-2,battery,2,4,low,0.45,5.0,10.0,2.0,,2.0,8.0,1.6666666666666667,24.0,40,16.0,"[""easy"", ""rocky"", ""rocky"", ""easy""]","[{""from"": ""base"", ""to"": ""site1"", ""profile"": ""easy"", ""travel_time"": 1.5, ""energy_cost"": 2.0}, {""from"": ""site1"", ""to"": ""site2"", ""profile"": ""rocky"", ""travel_time"": 2.5, ""energy_cost"": 4.0}, {""from"": ""site2"", ""to"": ""site3"", ""profile"": ""rocky"", ""travel_time"": 2.5, ""energy_cost"": 4.0}, {""from"": ""site3"", ""to"": ""site4"", ""profile"": ""easy"", ""travel_time"": 1.5, ""energy_cost"": 2.0}]",low,4,0,True,"[2, 2, 2, 4]","[3, 4, 4, 3]","[12.0, 10.0, 10.0, 12.0]","[15.0, 14.0, 16.5, 20.0]",timeout,False,sat-hadd,30.0,30.106737,124,,,,,,,,,,,,0,0,0,0,0,0.0,/mnt/c/Users/Endri/Desktop/planetary-rover-experimental-study/experiments/generated_problems/battery_full_calibration/rover-battery-n4-mem-low-corr-low-seed-2.pddl,/mnt/c/Users/Endri/Desktop/planetary-rover-experimental-study/experiments/generated_problems/battery_full_calibration/rover-battery-n4-mem-low-corr-low-seed-2.json,/mnt/c/Users/Endri/Desktop/planetary-rover-experimental-study/experiments/raw_outputs/battery_full_calibration/rover-battery-n4-mem-low-corr-low-seed-2.txt,
rover-battery-n4-mem-low-corr-low-seed-3,battery,3,4,low,0.45,9.0,18.0,2.0,,2.5,10.0,1.25,32.0,40,8.0,"[""steep"", ""rocky"", ""steep"", ""easy""]","[{""from"": ""base"", ""to"": ""site1"", ""profile"": ""steep"", ""travel_time"": 3.0, ""energy_cost"": 5.0}, {""from"": ""site1"", ""to"": ""site2"", ""profile"": ""rocky"", ""travel_time"": 2.5, ""energy_cost"": 4.0}, {""from"": ""site2"", ""to"": ""site3"", ""profile"": ""steep"", ""travel_time"": 3.0, ""energy_cost"": 5.0}, {""from"": ""site3"", ""to"": ""site4"", ""profile"": ""easy"", ""travel_time"": 1.5, ""energy_cost"": 2.0}]",low,4,0,True,"[3, 6, 6, 3]","[4, 5, 2, 2]","[12.0, 14.0, 10.0, 12.0]","[16.0, 19.5, 18.5, 22.0]",unsolvable,False,sat-hadd,30.0,7.731879,0,,,,,,,,,,,,0,0,0,0,0,0,/mnt/c/Users/Endri/Desktop/planetary-rover-experimental-study/experiments/generated_problems/battery_full_calibration/rover-battery-n4-mem-low-corr-low-seed-3.pddl,/mnt/c/Users/Endri/Desktop/planetary-rover-experimental-study/experiments/generated_problems/battery_full_calibration/rover-battery-n4-mem-low-corr-low-seed-3.json,/mnt/c/Users/Endri/Desktop/planetary-rover-experimental-study/experiments/raw_outputs/battery_full_calibration/rover-battery-n4-mem-low-corr-low-seed-3.txt,
rover-battery-n4-mem-low-corr-low-seed-4,battery,4,4,low,0.45,7.0,14.0,2.0,,2.25,9.0,1.4285714285714286,28.0,40,12.0,"[""steep"", ""easy"", ""rocky"", ""moderate""]","[{""from"": ""base"", ""to"": ""site1"", ""profile"": ""steep"", ""travel_time"": 3.0, ""energy_cost"": 5.0}, {""from"": ""site1"", ""to"": ""site2"", ""profile"": ""easy"", ""travel_time"": 1.5, ""energy_cost"": 2.0}, {""from"": ""site2"", ""to"": ""site3"", ""profile"": ""rocky"", ""travel_time"": 2.5, ""energy_cost"": 4.0}, {""from"": ""site3"", ""to"": ""site4"", ""profile"": ""moderate"", ""travel_time"": 2.0, ""energy_cost"": 3.0}]",low,4,0,True,"[3, 4, 2, 5]","[5, 3, 2, 2]","[12.0, 10.0, 12.0, 14.0]","[17.0, 14.5, 19.0, 23.0]",timeout,False,sat-hadd,30.0,30.126516,124,,,,,,,,,,,,0,0,0,0,0,0.0,/mnt/c/Users/Endri/Desktop/planetary-rover-experimental-study/experiments/generated_problems/battery_full_calibration/rover-battery-n4-mem-low-corr-low-seed-4.pddl,/mnt/c/Users/Endri/Desktop/planetary-rover-experimental-study/experiments/generated_problems/battery_full_calibration/rover-battery-n4-mem-low-corr-low-seed-4.json,/mnt/c/Users/Endri/Desktop/planetary-rover-experimental-study/experiments/raw_outputs/battery_full_calibration/rover-battery-n4-mem-low-corr-low-seed-4.txt,
rover-battery-n4-mem-low-corr-medium-seed-0,battery,0,4,low,0.45,8.0,16.0,2.0,,2.0,8.0,1.6666666666666667,24.0,40,16.0,"[""easy"", ""easy"", ""steep"", ""moderate""]","[{""from"": ""base"", ""to"": ""site1"", ""profile"": ""easy"", ""travel_time"": 1.5, ""energy_cost"": 2.0}, {""from"": ""site1"", ""to"": ""site2"", ""profile"": ""easy"", ""travel_time"": 1.5, ""energy_cost"": 2.0}, {""from"": ""site2"", ""to"": ""site3"", ""profile"": ""steep"", ""travel_time"": 3.0, ""energy_cost"": 5.0}, {""from"": ""site3"", ""to"": ""site4"", ""profile"": ""moderate"", ""travel_time"": 2.0, ""energy_cost"": 3.0}]",medium,4,0,True,"[5, 5, 2, 4]","[5, 5, 4, 5]","[10.0, 10.0, 8.0, 10.0]","[15.0, 15.0, 14.0, 18.0]",solved,True,sat-hadd,30.0,1.553529,0,82,42.0,42.0,25.0,25.0,17.0,36.0,4.0,0.9,True,True,22,14,4,4,17,42.0,/mnt/c/Users/Endri/Desktop/planetary-rover-experimental-study/experiments/generated_problems/battery_full_calibration/rover-battery-n4-mem-low-corr-medium-seed-0.pddl,/mnt/c/Users/Endri/Desktop/planetary-rover-experimental-study/experiments/generated_problems/battery_full_calibration/rover-battery-n4-mem-low-corr-medium-seed-0.json,/mnt/c/Users/Endri/Desktop/planetary-rover-experimental-study/experiments/raw_outputs/battery_full_calibration/rover-battery-n4-mem-low-corr-medium-seed-0.txt,
rover-battery-n4-mem-low-corr-medium-seed-1,battery,1,4,low,0.45,7.0,15.0,2.142857,,2.5,10.0,1.25,32.0,40,8.0,"[""steep"", ""moderate"", ""steep"", ""moderate""]","[{""from"": ""base"", ""to"": ""site1"", ""profile"": ""steep"", ""travel_time"": 3.0, ""energy_cost"": 5.0}, {""from"": ""site1"", ""to"": ""site2"", ""profile"": ""moderate"", ""travel_time"": 2.0, ""energy_cost"": 3.0}, {""from"": ""site2"", ""to"": ""site3"", ""profile"": ""steep"", ""travel_time"": 3.0, ""energy_cost"": 5.0}, {""from"": ""site3"", ""to"": ""site4"", ""profile"": ""moderate"", ""travel_time"": 2.0, ""energy_cost"": 3.0}]",medium,4,0,True,"[3, 6, 2, 4]","[2, 5, 5, 5]","[8.0, 6.0, 6.0, 8.0]","[11.0, 11.0, 14.0, 18.0]",unsolvable,False,sat-hadd,30.0,2.07212,0,,,,,,,,,,,,0,0,0,0,0,0,/mnt/c/Users/Endri/Desktop/planetary-rover-experimental-study/experiments/generated_problems/battery_full_calibration/rover-battery-n4-mem-low-corr-medium-seed-1.pddl,/mnt/c/Users/Endri/Desktop/planetary-rover-experimental-study/experiments/generated_problems/battery_full_calibration/rover-battery-n4-mem-low-corr-medium-seed-1.json,/mnt/c/Users/Endri/Desktop/planetary-rover-experimental-study/experiments/raw_outputs/battery_full_calibration/rover-battery-n4-mem-low-corr-medium-seed-1.txt,
rover-battery-n4-mem-low-corr-medium-seed-2,battery,2,4,low,0.45,5.0,10.0,2.0,,2.0,8.0,1.6666666666666667,24.0,40,16.0,"[""easy"", ""rocky"", ""rocky"", ""easy""]","[{""from"": ""base"", ""to"": ""site1"", ""profile"": ""easy"", ""travel_time"": 1.5, ""energy_cost"": 2.0}, {""from"": ""site1"", ""to"": ""site2"", ""profile"": ""rocky"", ""travel_time"": 2.5, ""energy_cost"": 4.0}, {""from"": ""site2"", ""to"": ""site3"", ""profile"": ""rocky"", ""travel_time"": 2.5, ""energy_cost"": 4.0}, {""from"": ""site3"", ""to"": ""site4"", ""profile"": ""easy"", ""travel_time"": 1.5, ""energy_cost"": 2.0}]",medium,4,0,True,"[2, 2, 2, 4]","[3, 4, 4, 3]","[8.0, 6.0, 6.0, 8.0]","[11.0, 10.0, 12.5, 16.0]",unsolvable,False,sat-hadd,30.0,8.142634,0,,,,,,,,,,,,0,0,0,0,0,0,/mnt/c/Users/Endri/Desktop/planetary-rover-experimental-study/experiments/generated_problems/battery_full_calibration/rover-battery-n4-mem-low-corr-medium-seed-2.pddl,/mnt/c/Users/Endri/Desktop/planetary-rover-experimental-study/experiments/generated_problems/battery_full_calibration/rover-battery-n4-mem-low-corr-medium-seed-2.json,/mnt/c/Users/Endri/Desktop/planetary-rover-experimental-study/experiments/raw_outputs/battery_full_calibration/rover-battery-n4-mem-low-corr-medium-seed-2.txt,
rover-battery-n4-mem-low-corr-medium-seed-3,battery,3,4,low,0.45,9.0,18.0,2.0,,2.5,10.0,1.25,32.0,40,8.0,"[""steep"", ""rocky"", ""steep"", ""easy""]","[{""from"": ""base"", ""to"": ""site1"", ""profile"": ""steep"", ""travel_time"": 3.0, ""energy_cost"": 5.0}, {""from"": ""site1"", ""to"": ""site2"", ""profile"": ""rocky"", ""travel_time"": 2.5, ""energy_cost"": 4.0}, {""from"": ""site2"", ""to"": ""site3"", ""profile"": ""steep"", ""travel_time"": 3.0, ""energy_cost"": 5.0}, {""from"": ""site3"", ""to"": ""site4"", ""profile"": ""easy"", ""travel_time"": 1.5, ""energy_cost"": 2.0}]",medium,4,0,True,"[3, 6, 6, 3]","[4, 5, 2, 2]","[8.0, 10.0, 6.0, 8.0]","[12.0, 15.5, 14.5, 18.0]",unsolvable,False,sat-hadd,30.0,3.792944,0,,,,,,,,,,,,0,0,0,0,0,0,/mnt/c/Users/Endri/Desktop/planetary-rover-experimental-study/experiments/generated_problems/battery_full_calibration/rover-battery-n4-mem-low-corr-medium-seed-3.pddl,/mnt/c/Users/Endri/Desktop/planetary-rover-experimental-study/experiments/generated_problems/battery_full_calibration/rover-battery-n4-mem-low-corr-medium-seed-3.json,/mnt/c/Users/Endri/Desktop/planetary-rover-experimental-study/experiments/raw_outputs/battery_full_calibration/rover-battery-n4-mem-low-corr-medium-seed-3.txt,
rover-battery-n4-mem-low-corr-medium-seed-4,battery,4,4,low,0.45,7.0,14.0,2.0,,2.25,9.0,1.4285714285714286,28.0,40,12.0,"[""steep"", ""easy"", ""rocky"", ""moderate""]","[{""from"": ""base"", ""to"": ""site1"", ""profile"": ""steep"", ""travel_time"": 3.0, ""energy_cost"": 5.0}, {""from"": ""site1"", ""to"": ""site2"", ""profile"": ""easy"", ""travel_time"": 1.5, ""energy_cost"": 2.0}, {""from"": ""site2"", ""to"": ""site3"", ""profile"": ""rocky"", ""travel_time"": 2.5, ""energy_cost"": 4.0}, {""from"": ""site3"", ""to"": ""site4"", ""profile"": ""moderate"", ""travel_time"": 2.0, ""energy_cost"": 3.0}]",medium,4,0,True,"[3, 4, 2, 5]","[5, 3, 2, 2]","[8.0, 6.0, 8.0, 10.0]","[13.0, 10.5, 15.0, 19.0]",unsolvable,False,sat-hadd,30.0,13.787441,0,,,,,,,,,,,,0,0,0,0,0,0,/mnt/c/Users/Endri/Desktop/planetary-rover-experimental-study/experiments/generated_problems/battery_full_calibration/rover-battery-n4-mem-low-corr-medium-seed-4.pddl,/mnt/c/Users/Endri/Desktop/planetary-rover-experimental-study/experiments/generated_problems/battery_full_calibration/rover-battery-n4-mem-low-corr-medium-seed-4.json,/mnt/c/Users/Endri/Desktop/planetary-rover-experimental-study/experiments/raw_outputs/battery_full_calibration/rover-battery-n4-mem-low-corr-medium-seed-4.txt,
rover-battery-n4-mem-low-corr-high-seed-0,battery,0,4,low,0.45,8.0,16.0,2.0,,2.0,8.0,1.6666666666666667,24.0,40,16.0,"[""easy"", ""easy"", ""steep"", ""moderate""]","[{""from"": ""base"", ""to"": ""site1"", ""profile"": ""easy"", ""travel_time"": 1.5, ""energy_cost"": 2.0}, {""from"": ""site1"", ""to"": ""site2"", ""profile"": ""easy"", ""travel_time"": 1.5, ""energy_cost"": 2.0}, {""from"": ""site2"", ""to"": ""site3"", ""profile"": ""steep"", ""travel_time"": 3.0, ""energy_cost"": 5.0}, {""from"": ""site3"", ""to"": ""site4"", ""profile"": ""moderate"", ""travel_time"": 2.0, ""energy_cost"": 3.0}]",high,4,0,True,"[5, 5, 2, 4]","[5, 5, 4, 5]","[5.0, 5.0, 4.0, 5.0]","[10.0, 10.0, 10.0, 13.0]",solved,True,sat-hadd,30.0,0.715937,0,81,41.0,41.0,25.0,25.0,16.0,36.0,4.0,0.9,True,True,22,14,4,4,17,41.0,/mnt/c/Users/Endri/Desktop/planetary-rover-experimental-study/experiments/generated_problems/battery_full_calibration/rover-battery-n4-mem-low-corr-high-seed-0.pddl,/mnt/c/Users/Endri/Desktop/planetary-rover-experimental-study/experiments/generated_problems/battery_full_calibration/rover-battery-n4-mem-low-corr-high-seed-0.json,/mnt/c/Users/Endri/Desktop/planetary-rover-experimental-study/experiments/raw_outputs/battery_full_calibration/rover-battery-n4-mem-low-corr-high-seed-0.txt,
rover-battery-n4-mem-low-corr-high-seed-1,battery,1,4,low,0.45,7.0,15.0,2.142857,,2.5,10.0,1.25,32.0,40,8.0,"[""steep"", ""moderate"", ""steep"", ""moderate""]","[{""from"": ""base"", ""to"": ""site1"", ""profile"": ""steep"", ""travel_time"": 3.0, ""energy_cost"": 5.0}, {""from"": ""site1"", ""to"": ""site2"", ""profile"": ""moderate"", ""travel_time"": 2.0, ""energy_cost"": 3.0}, {""from"": ""site2"", ""to"": ""site3"", ""profile"": ""steep"", ""travel_time"": 3.0, ""energy_cost"": 5.0}, {""from"": ""site3"", ""to"": ""site4"", ""profile"": ""moderate"", ""travel_time"": 2.0, ""energy_cost"": 3.0}]",high,4,0,True,"[3, 6, 2, 4]","[2, 5, 5, 5]","[4.0, 3.0, 3.0, 4.0]","[7.0, 8.0, 11.0, 14.0]",unsolvable,False,sat-hadd,30.0,1.019527,0,,,,,,,,,,,,0,0,0,0,0,0,/mnt/c/Users/Endri/Desktop/planetary-rover-experimental-study/experiments/generated_problems/battery_full_calibration/rover-battery-n4-mem-low-corr-high-seed-1.pddl,/mnt/c/Users/Endri/Desktop/planetary-rover-experimental-study/experiments/generated_problems/battery_full_calibration/rover-battery-n4-mem-low-corr-high-seed-1.json,/mnt/c/Users/Endri/Desktop/planetary-rover-experimental-study/experiments/raw_outputs/battery_full_calibration/rover-battery-n4-mem-low-corr-high-seed-1.txt,
rover-battery-n4-mem-low-corr-high-seed-2,battery,2,4,low,0.45,5.0,10.0,2.0,,2.0,8.0,1.6666666666666667,24.0,40,16.0,"[""easy"", ""rocky"", ""rocky"", ""easy""]","[{""from"": ""base"", ""to"": ""site1"", ""profile"": ""easy"", ""travel_time"": 1.5, ""energy_cost"": 2.0}, {""from"": ""site1"", ""to"": ""site2"", ""profile"": ""rocky"", ""travel_time"": 2.5, ""energy_cost"": 4.0}, {""from"": ""site2"", ""to"": ""site3"", ""profile"": ""rocky"", ""travel_time"": 2.5, ""energy_cost"": 4.0}, {""from"": ""site3"", ""to"": ""site4"", ""profile"": ""easy"", ""travel_time"": 1.5, ""energy_cost"": 2.0}]",high,4,0,True,"[2, 2, 2, 4]","[3, 4, 4, 3]","[4.0, 3.0, 3.0, 4.0]","[7.0, 7.0, 9.5, 12.0]",unsolvable,False,sat-hadd,30.0,1.672473,0,,,,,,,,,,,,0,0,0,0,0,0,/mnt/c/Users/Endri/Desktop/planetary-rover-experimental-study/experiments/generated_problems/battery_full_calibration/rover-battery-n4-mem-low-corr-high-seed-2.pddl,/mnt/c/Users/Endri/Desktop/planetary-rover-experimental-study/experiments/generated_problems/battery_full_calibration/rover-battery-n4-mem-low-corr-high-seed-2.json,/mnt/c/Users/Endri/Desktop/planetary-rover-experimental-study/experiments/raw_outputs/battery_full_calibration/rover-battery-n4-mem-low-corr-high-seed-2.txt,
rover-battery-n4-mem-low-corr-high-seed-3,battery,3,4,low,0.45,9.0,18.0,2.0,,2.5,10.0,1.25,32.0,40,8.0,"[""steep"", ""rocky"", ""steep"", ""easy""]","[{""from"": ""base"", ""to"": ""site1"", ""profile"": ""steep"", ""travel_time"": 3.0, ""energy_cost"": 5.0}, {""from"": ""site1"", ""to"": ""site2"", ""profile"": ""rocky"", ""travel_time"": 2.5, ""energy_cost"": 4.0}, {""from"": ""site2"", ""to"": ""site3"", ""profile"": ""steep"", ""travel_time"": 3.0, ""energy_cost"": 5.0}, {""from"": ""site3"", ""to"": ""site4"", ""profile"": ""easy"", ""travel_time"": 1.5, ""energy_cost"": 2.0}]",high,4,0,True,"[3, 6, 6, 3]","[4, 5, 2, 2]","[4.0, 5.0, 3.0, 4.0]","[8.0, 10.5, 11.5, 14.0]",unsolvable,False,sat-hadd,30.0,1.546178,0,,,,,,,,,,,,0,0,0,0,0,0,/mnt/c/Users/Endri/Desktop/planetary-rover-experimental-study/experiments/generated_problems/battery_full_calibration/rover-battery-n4-mem-low-corr-high-seed-3.pddl,/mnt/c/Users/Endri/Desktop/planetary-rover-experimental-study/experiments/generated_problems/battery_full_calibration/rover-battery-n4-mem-low-corr-high-seed-3.json,/mnt/c/Users/Endri/Desktop/planetary-rover-experimental-study/experiments/raw_outputs/battery_full_calibration/rover-battery-n4-mem-low-corr-high-seed-3.txt,
rover-battery-n4-mem-low-corr-high-seed-4,battery,4,4,low,0.45,7.0,14.0,2.0,,2.25,9.0,1.4285714285714286,28.0,40,12.0,"[""steep"", ""easy"", ""rocky"", ""moderate""]","[{""from"": ""base"", ""to"": ""site1"", ""profile"": ""steep"", ""travel_time"": 3.0, ""energy_cost"": 5.0}, {""from"": ""site1"", ""to"": ""site2"", ""profile"": ""easy"", ""travel_time"": 1.5, ""energy_cost"": 2.0}, {""from"": ""site2"", ""to"": ""site3"", ""profile"": ""rocky"", ""travel_time"": 2.5, ""energy_cost"": 4.0}, {""from"": ""site3"", ""to"": ""site4"", ""profile"": ""moderate"", ""travel_time"": 2.0, ""energy_cost"": 3.0}]",high,4,0,True,"[3, 4, 2, 5]","[5, 3, 2, 2]","[4.0, 3.0, 4.0, 5.0]","[9.0, 7.5, 11.0, 14.0]",unsolvable,False,sat-hadd,30.0,3.927304,0,,,,,,,,,,,,0,0,0,0,0,0,/mnt/c/Users/Endri/Desktop/planetary-rover-experimental-study/experiments/generated_problems/battery_full_calibration/rover-battery-n4-mem-low-corr-high-seed-4.pddl,/mnt/c/Users/Endri/Desktop/planetary-rover-experimental-study/experiments/generated_problems/battery_full_calibration/rover-battery-n4-mem-low-corr-high-seed-4.json,/mnt/c/Users/Endri/Desktop/planetary-rover-experimental-study/experiments/raw_outputs/battery_full_calibration/rover-battery-n4-mem-low-corr-high-seed-4.txt,
rover-battery-n4-mem-medium-corr-low-seed-0,battery,0,4,medium,0.7,12.0,16.0,1.333333,,2.0,8.0,1.6666666666666667,24.0,40,16.0,"[""easy"", ""easy"", ""steep"", ""moderate""]","[{""from"": ""base"", ""to"": ""site1"", ""profile"": ""easy"", ""travel_time"": 1.5, ""energy_cost"": 2.0}, {""from"": ""site1"", ""to"": ""site2"", ""profile"": ""easy"", ""travel_time"": 1.5, ""energy_cost"": 2.0}, {""from"": ""site2"", ""to"": ""site3"", ""profile"": ""steep"", ""travel_time"": 3.0, ""energy_cost"": 5.0}, {""from"": ""site3"", ""to"": ""site4"", ""profile"": ""moderate"", ""travel_time"": 2.0, ""energy_cost"": 3.0}]",low,4,0,True,"[5, 5, 2, 4]","[5, 5, 4, 5]","[14.0, 14.0, 12.0, 14.0]","[19.0, 19.0, 18.0, 22.0]",solved,True,sat-hadd,30.0,1.091339,0,73,37.0,37.0,22.0,22.0,15.0,32.0,8.0,0.8,True,True,20,12,4,4,15,37.0,/mnt/c/Users/Endri/Desktop/planetary-rover-experimental-study/experiments/generated_problems/battery_full_calibration/rover-battery-n4-mem-medium-corr-low-seed-0.pddl,/mnt/c/Users/Endri/Desktop/planetary-rover-experimental-study/experiments/generated_problems/battery_full_calibration/rover-battery-n4-mem-medium-corr-low-seed-0.json,/mnt/c/Users/Endri/Desktop/planetary-rover-experimental-study/experiments/raw_outputs/battery_full_calibration/rover-battery-n4-mem-medium-corr-low-seed-0.txt,
rover-battery-n4-mem-medium-corr-low-seed-1,battery,1,4,medium,0.7,11.0,15.0,1.363636,,2.5,10.0,1.25,32.0,40,8.0,"[""steep"", ""moderate"", ""steep"", ""moderate""]","[{""from"": ""base"", ""to"": ""site1"", ""profile"": ""steep"", ""travel_time"": 3.0, ""energy_cost"": 5.0}, {""from"": ""site1"", ""to"": ""site2"", ""profile"": ""moderate"", ""travel_time"": 2.0, ""energy_cost"": 3.0}, {""from"": ""site2"", ""to"": ""site3"", ""profile"": ""steep"", ""travel_time"": 3.0, ""energy_cost"": 5.0}, {""from"": ""site3"", ""to"": ""site4"", ""profile"": ""moderate"", ""travel_time"": 2.0, ""energy_cost"": 3.0}]",low,4,0,True,"[3, 6, 2, 4]","[2, 5, 5, 5]","[12.0, 10.0, 10.0, 12.0]","[15.0, 15.0, 18.0, 22.0]",unsolvable,False,sat-hadd,30.0,12.016668,0,,,,,,,,,,,,0,0,0,0,0,0,/mnt/c/Users/Endri/Desktop/planetary-rover-experimental-study/experiments/generated_problems/battery_full_calibration/rover-battery-n4-mem-medium-corr-low-seed-1.pddl,/mnt/c/Users/Endri/Desktop/planetary-rover-experimental-study/experiments/generated_problems/battery_full_calibration/rover-battery-n4-mem-medium-corr-low-seed-1.json,/mnt/c/Users/Endri/Desktop/planetary-rover-experimental-study/experiments/raw_outputs/battery_full_calibration/rover-battery-n4-mem-medium-corr-low-seed-1.txt,
rover-battery-n4-mem-medium-corr-low-seed-2,battery,2,4,medium,0.7,7.0,10.0,1.428571,,2.0,8.0,1.6666666666666667,24.0,40,16.0,"[""easy"", ""rocky"", ""rocky"", ""easy""]","[{""from"": ""base"", ""to"": ""site1"", ""profile"": ""easy"", ""travel_time"": 1.5, ""energy_cost"": 2.0}, {""from"": ""site1"", ""to"": ""site2"", ""profile"": ""rocky"", ""travel_time"": 2.5, ""energy_cost"": 4.0}, {""from"": ""site2"", ""to"": ""site3"", ""profile"": ""rocky"", ""travel_time"": 2.5, ""energy_cost"": 4.0}, {""from"": ""site3"", ""to"": ""site4"", ""profile"": ""easy"", ""travel_time"": 1.5, ""energy_cost"": 2.0}]",low,4,0,True,"[2, 2, 2, 4]","[3, 4, 4, 3]","[12.0, 10.0, 10.0, 12.0]","[15.0, 14.0, 16.5, 20.0]",solved,True,sat-hadd,30.0,1.206935,0,76,40.0,40.0,24.0,24.0,16.0,36.0,4.0,0.9,True,True,20,12,4,4,15,40.0,/mnt/c/Users/Endri/Desktop/planetary-rover-experimental-study/experiments/generated_problems/battery_full_calibration/rover-battery-n4-mem-medium-corr-low-seed-2.pddl,/mnt/c/Users/Endri/Desktop/planetary-rover-experimental-study/experiments/generated_problems/battery_full_calibration/rover-battery-n4-mem-medium-corr-low-seed-2.json,/mnt/c/Users/Endri/Desktop/planetary-rover-experimental-study/experiments/raw_outputs/battery_full_calibration/rover-battery-n4-mem-medium-corr-low-seed-2.txt,
rover-battery-n4-mem-medium-corr-low-seed-3,battery,3,4,medium,0.7,13.0,18.0,1.384615,,2.5,10.0,1.25,32.0,40,8.0,"[""steep"", ""rocky"", ""steep"", ""easy""]","[{""from"": ""base"", ""to"": ""site1"", ""profile"": ""steep"", ""travel_time"": 3.0, ""energy_cost"": 5.0}, {""from"": ""site1"", ""to"": ""site2"", ""profile"": ""rocky"", ""travel_time"": 2.5, ""energy_cost"": 4.0}, {""from"": ""site2"", ""to"": ""site3"", ""profile"": ""steep"", ""travel_time"": 3.0, ""energy_cost"": 5.0}, {""from"": ""site3"", ""to"": ""site4"", ""profile"": ""easy"", ""travel_time"": 1.5, ""energy_cost"": 2.0}]",low,4,0,True,"[3, 6, 6, 3]","[4, 5, 2, 2]","[12.0, 14.0, 10.0, 12.0]","[16.0, 19.5, 18.5, 22.0]",unsolvable,False,sat-hadd,30.0,9.942818,0,,,,,,,,,,,,0,0,0,0,0,0,/mnt/c/Users/Endri/Desktop/planetary-rover-experimental-study/experiments/generated_problems/battery_full_calibration/rover-battery-n4-mem-medium-corr-low-seed-3.pddl,/mnt/c/Users/Endri/Desktop/planetary-rover-experimental-study/experiments/generated_problems/battery_full_calibration/rover-battery-n4-mem-medium-corr-low-seed-3.json,/mnt/c/Users/Endri/Desktop/planetary-rover-experimental-study/experiments/raw_outputs/battery_full_calibration/rover-battery-n4-mem-medium-corr-low-seed-3.txt,
rover-battery-n4-mem-medium-corr-low-seed-4,battery,4,4,medium,0.7,10.0,14.0,1.4,,2.25,9.0,1.4285714285714286,28.0,40,12.0,"[""steep"", ""easy"", ""rocky"", ""moderate""]","[{""from"": ""base"", ""to"": ""site1"", ""profile"": ""steep"", ""travel_time"": 3.0, ""energy_cost"": 5.0}, {""from"": ""site1"", ""to"": ""site2"", ""profile"": ""easy"", ""travel_time"": 1.5, ""energy_cost"": 2.0}, {""from"": ""site2"", ""to"": ""site3"", ""profile"": ""rocky"", ""travel_time"": 2.5, ""energy_cost"": 4.0}, {""from"": ""site3"", ""to"": ""site4"", ""profile"": ""moderate"", ""travel_time"": 2.0, ""energy_cost"": 3.0}]",low,4,0,True,"[3, 4, 2, 5]","[5, 3, 2, 2]","[12.0, 10.0, 12.0, 14.0]","[17.0, 14.5, 19.0, 23.0]",timeout,False,sat-hadd,30.0,30.122083,124,,,,,,,,,,,,0,0,0,0,0,0.0,/mnt/c/Users/Endri/Desktop/planetary-rover-experimental-study/experiments/generated_problems/battery_full_calibration/rover-battery-n4-mem-medium-corr-low-seed-4.pddl,/mnt/c/Users/Endri/Desktop/planetary-rover-experimental-study/experiments/generated_problems/battery_full_calibration/rover-battery-n4-mem-medium-corr-low-seed-4.json,/mnt/c/Users/Endri/Desktop/planetary-rover-experimental-study/experiments/raw_outputs/battery_full_calibration/rover-battery-n4-mem-medium-corr-low-seed-4.txt,
rover-battery-n4-mem-medium-corr-medium-seed-0,battery,0,4,medium,0.7,12.0,16.0,1.333333,,2.0,8.0,1.6666666666666667,24.0,40,16.0,"[""easy"", ""easy"", ""steep"", ""moderate""]","[{""from"": ""base"", ""to"": ""site1"", ""profile"": ""easy"", ""travel_time"": 1.5, ""energy_cost"": 2.0}, {""from"": ""site1"", ""to"": ""site2"", ""profile"": ""easy"", ""travel_time"": 1.5, ""energy_cost"": 2.0}, {""from"": ""site2"", ""to"": ""site3"", ""profile"": ""steep"", ""travel_time"": 3.0, ""energy_cost"": 5.0}, {""from"": ""site3"", ""to"": ""site4"", ""profile"": ""moderate"", ""travel_time"": 2.0, ""energy_cost"": 3.0}]",medium,4,0,True,"[5, 5, 2, 4]","[5, 5, 4, 5]","[10.0, 10.0, 8.0, 10.0]","[15.0, 15.0, 14.0, 18.0]",solved,True,sat-hadd,30.0,0.64719,0,69,33.0,33.0,22.0,22.0,11.0,32.0,8.0,0.8,True,True,20,12,4,4,14,33.0,/mnt/c/Users/Endri/Desktop/planetary-rover-experimental-study/experiments/generated_problems/battery_full_calibration/rover-battery-n4-mem-medium-corr-medium-seed-0.pddl,/mnt/c/Users/Endri/Desktop/planetary-rover-experimental-study/experiments/generated_problems/battery_full_calibration/rover-battery-n4-mem-medium-corr-medium-seed-0.json,/mnt/c/Users/Endri/Desktop/planetary-rover-experimental-study/experiments/raw_outputs/battery_full_calibration/rover-battery-n4-mem-medium-corr-medium-seed-0.txt,
rover-battery-n4-mem-medium-corr-medium-seed-1,battery,1,4,medium,0.7,11.0,15.0,1.363636,,2.5,10.0,1.25,32.0,40,8.0,"[""steep"", ""moderate"", ""steep"", ""moderate""]","[{""from"": ""base"", ""to"": ""site1"", ""profile"": ""steep"", ""travel_time"": 3.0, ""energy_cost"": 5.0}, {""from"": ""site1"", ""to"": ""site2"", ""profile"": ""moderate"", ""travel_time"": 2.0, ""energy_cost"": 3.0}, {""from"": ""site2"", ""to"": ""site3"", ""profile"": ""steep"", ""travel_time"": 3.0, ""energy_cost"": 5.0}, {""from"": ""site3"", ""to"": ""site4"", ""profile"": ""moderate"", ""travel_time"": 2.0, ""energy_cost"": 3.0}]",medium,4,0,True,"[3, 6, 2, 4]","[2, 5, 5, 5]","[8.0, 6.0, 6.0, 8.0]","[11.0, 11.0, 14.0, 18.0]",unsolvable,False,sat-hadd,30.0,3.923259,0,,,,,,,,,,,,0,0,0,0,0,0,/mnt/c/Users/Endri/Desktop/planetary-rover-experimental-study/experiments/generated_problems/battery_full_calibration/rover-battery-n4-mem-medium-corr-medium-seed-1.pddl,/mnt/c/Users/Endri/Desktop/planetary-rover-experimental-study/experiments/generated_problems/battery_full_calibration/rover-battery-n4-mem-medium-corr-medium-seed-1.json,/mnt/c/Users/Endri/Desktop/planetary-rover-experimental-study/experiments/raw_outputs/battery_full_calibration/rover-battery-n4-mem-medium-corr-medium-seed-1.txt,
rover-battery-n4-mem-medium-corr-medium-seed-2,battery,2,4,medium,0.7,7.0,10.0,1.428571,,2.0,8.0,1.6666666666666667,24.0,40,16.0,"[""easy"", ""rocky"", ""rocky"", ""easy""]","[{""from"": ""base"", ""to"": ""site1"", ""profile"": ""easy"", ""travel_time"": 1.5, ""energy_cost"": 2.0}, {""from"": ""site1"", ""to"": ""site2"", ""profile"": ""rocky"", ""travel_time"": 2.5, ""energy_cost"": 4.0}, {""from"": ""site2"", ""to"": ""site3"", ""profile"": ""rocky"", ""travel_time"": 2.5, ""energy_cost"": 4.0}, {""from"": ""site3"", ""to"": ""site4"", ""profile"": ""easy"", ""travel_time"": 1.5, ""energy_cost"": 2.0}]",medium,4,0,True,"[2, 2, 2, 4]","[3, 4, 4, 3]","[8.0, 6.0, 6.0, 8.0]","[11.0, 10.0, 12.5, 16.0]",solved,True,sat-hadd,30.0,0.523728,0,68,32.0,32.0,24.0,24.0,8.0,36.0,4.0,0.9,True,True,20,12,4,4,13,32.0,/mnt/c/Users/Endri/Desktop/planetary-rover-experimental-study/experiments/generated_problems/battery_full_calibration/rover-battery-n4-mem-medium-corr-medium-seed-2.pddl,/mnt/c/Users/Endri/Desktop/planetary-rover-experimental-study/experiments/generated_problems/battery_full_calibration/rover-battery-n4-mem-medium-corr-medium-seed-2.json,/mnt/c/Users/Endri/Desktop/planetary-rover-experimental-study/experiments/raw_outputs/battery_full_calibration/rover-battery-n4-mem-medium-corr-medium-seed-2.txt,
rover-battery-n4-mem-medium-corr-medium-seed-3,battery,3,4,medium,0.7,13.0,18.0,1.384615,,2.5,10.0,1.25,32.0,40,8.0,"[""steep"", ""rocky"", ""steep"", ""easy""]","[{""from"": ""base"", ""to"": ""site1"", ""profile"": ""steep"", ""travel_time"": 3.0, ""energy_cost"": 5.0}, {""from"": ""site1"", ""to"": ""site2"", ""profile"": ""rocky"", ""travel_time"": 2.5, ""energy_cost"": 4.0}, {""from"": ""site2"", ""to"": ""site3"", ""profile"": ""steep"", ""travel_time"": 3.0, ""energy_cost"": 5.0}, {""from"": ""site3"", ""to"": ""site4"", ""profile"": ""easy"", ""travel_time"": 1.5, ""energy_cost"": 2.0}]",medium,4,0,True,"[3, 6, 6, 3]","[4, 5, 2, 2]","[8.0, 10.0, 6.0, 8.0]","[12.0, 15.5, 14.5, 18.0]",unsolvable,False,sat-hadd,30.0,4.63821,0,,,,,,,,,,,,0,0,0,0,0,0,/mnt/c/Users/Endri/Desktop/planetary-rover-experimental-study/experiments/generated_problems/battery_full_calibration/rover-battery-n4-mem-medium-corr-medium-seed-3.pddl,/mnt/c/Users/Endri/Desktop/planetary-rover-experimental-study/experiments/generated_problems/battery_full_calibration/rover-battery-n4-mem-medium-corr-medium-seed-3.json,/mnt/c/Users/Endri/Desktop/planetary-rover-experimental-study/experiments/raw_outputs/battery_full_calibration/rover-battery-n4-mem-medium-corr-medium-seed-3.txt,
rover-battery-n4-mem-medium-corr-medium-seed-4,battery,4,4,medium,0.7,10.0,14.0,1.4,,2.25,9.0,1.4285714285714286,28.0,40,12.0,"[""steep"", ""easy"", ""rocky"", ""moderate""]","[{""from"": ""base"", ""to"": ""site1"", ""profile"": ""steep"", ""travel_time"": 3.0, ""energy_cost"": 5.0}, {""from"": ""site1"", ""to"": ""site2"", ""profile"": ""easy"", ""travel_time"": 1.5, ""energy_cost"": 2.0}, {""from"": ""site2"", ""to"": ""site3"", ""profile"": ""rocky"", ""travel_time"": 2.5, ""energy_cost"": 4.0}, {""from"": ""site3"", ""to"": ""site4"", ""profile"": ""moderate"", ""travel_time"": 2.0, ""energy_cost"": 3.0}]",medium,4,0,True,"[3, 4, 2, 5]","[5, 3, 2, 2]","[8.0, 6.0, 8.0, 10.0]","[13.0, 10.5, 15.0, 19.0]",unsolvable,False,sat-hadd,30.0,20.228591,0,,,,,,,,,,,,0,0,0,0,0,0,/mnt/c/Users/Endri/Desktop/planetary-rover-experimental-study/experiments/generated_problems/battery_full_calibration/rover-battery-n4-mem-medium-corr-medium-seed-4.pddl,/mnt/c/Users/Endri/Desktop/planetary-rover-experimental-study/experiments/generated_problems/battery_full_calibration/rover-battery-n4-mem-medium-corr-medium-seed-4.json,/mnt/c/Users/Endri/Desktop/planetary-rover-experimental-study/experiments/raw_outputs/battery_full_calibration/rover-battery-n4-mem-medium-corr-medium-seed-4.txt,
rover-battery-n4-mem-medium-corr-high-seed-0,battery,0,4,medium,0.7,12.0,16.0,1.333333,,2.0,8.0,1.6666666666666667,24.0,40,16.0,"[""easy"", ""easy"", ""steep"", ""moderate""]","[{""from"": ""base"", ""to"": ""site1"", ""profile"": ""easy"", ""travel_time"": 1.5, ""energy_cost"": 2.0}, {""from"": ""site1"", ""to"": ""site2"", ""profile"": ""easy"", ""travel_time"": 1.5, ""energy_cost"": 2.0}, {""from"": ""site2"", ""to"": ""site3"", ""profile"": ""steep"", ""travel_time"": 3.0, ""energy_cost"": 5.0}, {""from"": ""site3"", ""to"": ""site4"", ""profile"": ""moderate"", ""travel_time"": 2.0, ""energy_cost"": 3.0}]",high,4,0,True,"[5, 5, 2, 4]","[5, 5, 4, 5]","[5.0, 5.0, 4.0, 5.0]","[10.0, 10.0, 10.0, 13.0]",solved,True,sat-hadd,30.0,0.519661,0,68,32.0,32.0,22.0,22.0,10.0,32.0,8.0,0.8,True,True,20,12,4,4,14,32.0,/mnt/c/Users/Endri/Desktop/planetary-rover-experimental-study/experiments/generated_problems/battery_full_calibration/rover-battery-n4-mem-medium-corr-high-seed-0.pddl,/mnt/c/Users/Endri/Desktop/planetary-rover-experimental-study/experiments/generated_problems/battery_full_calibration/rover-battery-n4-mem-medium-corr-high-seed-0.json,/mnt/c/Users/Endri/Desktop/planetary-rover-experimental-study/experiments/raw_outputs/battery_full_calibration/rover-battery-n4-mem-medium-corr-high-seed-0.txt,
rover-battery-n4-mem-medium-corr-high-seed-1,battery,1,4,medium,0.7,11.0,15.0,1.363636,,2.5,10.0,1.25,32.0,40,8.0,"[""steep"", ""moderate"", ""steep"", ""moderate""]","[{""from"": ""base"", ""to"": ""site1"", ""profile"": ""steep"", ""travel_time"": 3.0, ""energy_cost"": 5.0}, {""from"": ""site1"", ""to"": ""site2"", ""profile"": ""moderate"", ""travel_time"": 2.0, ""energy_cost"": 3.0}, {""from"": ""site2"", ""to"": ""site3"", ""profile"": ""steep"", ""travel_time"": 3.0, ""energy_cost"": 5.0}, {""from"": ""site3"", ""to"": ""site4"", ""profile"": ""moderate"", ""travel_time"": 2.0, ""energy_cost"": 3.0}]",high,4,0,True,"[3, 6, 2, 4]","[2, 5, 5, 5]","[4.0, 3.0, 3.0, 4.0]","[7.0, 8.0, 11.0, 14.0]",unsolvable,False,sat-hadd,30.0,1.371639,0,,,,,,,,,,,,0,0,0,0,0,0,/mnt/c/Users/Endri/Desktop/planetary-rover-experimental-study/experiments/generated_problems/battery_full_calibration/rover-battery-n4-mem-medium-corr-high-seed-1.pddl,/mnt/c/Users/Endri/Desktop/planetary-rover-experimental-study/experiments/generated_problems/battery_full_calibration/rover-battery-n4-mem-medium-corr-high-seed-1.json,/mnt/c/Users/Endri/Desktop/planetary-rover-experimental-study/experiments/raw_outputs/battery_full_calibration/rover-battery-n4-mem-medium-corr-high-seed-1.txt,
rover-battery-n4-mem-medium-corr-high-seed-2,battery,2,4,medium,0.7,7.0,10.0,1.428571,,2.0,8.0,1.6666666666666667,24.0,40,16.0,"[""easy"", ""rocky"", ""rocky"", ""easy""]","[{""from"": ""base"", ""to"": ""site1"", ""profile"": ""easy"", ""travel_time"": 1.5, ""energy_cost"": 2.0}, {""from"": ""site1"", ""to"": ""site2"", ""profile"": ""rocky"", ""travel_time"": 2.5, ""energy_cost"": 4.0}, {""from"": ""site2"", ""to"": ""site3"", ""profile"": ""rocky"", ""travel_time"": 2.5, ""energy_cost"": 4.0}, {""from"": ""site3"", ""to"": ""site4"", ""profile"": ""easy"", ""travel_time"": 1.5, ""energy_cost"": 2.0}]",high,4,0,True,"[2, 2, 2, 4]","[3, 4, 4, 3]","[4.0, 3.0, 3.0, 4.0]","[7.0, 7.0, 9.5, 12.0]",solved,True,sat-hadd,30.0,0.515762,0,69,33.0,33.0,24.0,24.0,9.0,36.0,4.0,0.9,True,True,20,12,4,4,15,33.0,/mnt/c/Users/Endri/Desktop/planetary-rover-experimental-study/experiments/generated_problems/battery_full_calibration/rover-battery-n4-mem-medium-corr-high-seed-2.pddl,/mnt/c/Users/Endri/Desktop/planetary-rover-experimental-study/experiments/generated_problems/battery_full_calibration/rover-battery-n4-mem-medium-corr-high-seed-2.json,/mnt/c/Users/Endri/Desktop/planetary-rover-experimental-study/experiments/raw_outputs/battery_full_calibration/rover-battery-n4-mem-medium-corr-high-seed-2.txt,
rover-battery-n4-mem-medium-corr-high-seed-3,battery,3,4,medium,0.7,13.0,18.0,1.384615,,2.5,10.0,1.25,32.0,40,8.0,"[""steep"", ""rocky"", ""steep"", ""easy""]","[{""from"": ""base"", ""to"": ""site1"", ""profile"": ""steep"", ""travel_time"": 3.0, ""energy_cost"": 5.0}, {""from"": ""site1"", ""to"": ""site2"", ""profile"": ""rocky"", ""travel_time"": 2.5, ""energy_cost"": 4.0}, {""from"": ""site2"", ""to"": ""site3"", ""profile"": ""steep"", ""travel_time"": 3.0, ""energy_cost"": 5.0}, {""from"": ""site3"", ""to"": ""site4"", ""profile"": ""easy"", ""travel_time"": 1.5, ""energy_cost"": 2.0}]",high,4,0,True,"[3, 6, 6, 3]","[4, 5, 2, 2]","[4.0, 5.0, 3.0, 4.0]","[8.0, 10.5, 11.5, 14.0]",unsolvable,False,sat-hadd,30.0,1.727898,0,,,,,,,,,,,,0,0,0,0,0,0,/mnt/c/Users/Endri/Desktop/planetary-rover-experimental-study/experiments/generated_problems/battery_full_calibration/rover-battery-n4-mem-medium-corr-high-seed-3.pddl,/mnt/c/Users/Endri/Desktop/planetary-rover-experimental-study/experiments/generated_problems/battery_full_calibration/rover-battery-n4-mem-medium-corr-high-seed-3.json,/mnt/c/Users/Endri/Desktop/planetary-rover-experimental-study/experiments/raw_outputs/battery_full_calibration/rover-battery-n4-mem-medium-corr-high-seed-3.txt,
rover-battery-n4-mem-medium-corr-high-seed-4,battery,4,4,medium,0.7,10.0,14.0,1.4,,2.25,9.0,1.4285714285714286,28.0,40,12.0,"[""steep"", ""easy"", ""rocky"", ""moderate""]","[{""from"": ""base"", ""to"": ""site1"", ""profile"": ""steep"", ""travel_time"": 3.0, ""energy_cost"": 5.0}, {""from"": ""site1"", ""to"": ""site2"", ""profile"": ""easy"", ""travel_time"": 1.5, ""energy_cost"": 2.0}, {""from"": ""site2"", ""to"": ""site3"", ""profile"": ""rocky"", ""travel_time"": 2.5, ""energy_cost"": 4.0}, {""from"": ""site3"", ""to"": ""site4"", ""profile"": ""moderate"", ""travel_time"": 2.0, ""energy_cost"": 3.0}]",high,4,0,True,"[3, 4, 2, 5]","[5, 3, 2, 2]","[4.0, 3.0, 4.0, 5.0]","[9.0, 7.5, 11.0, 14.0]",unsolvable,False,sat-hadd,30.0,4.488124,0,,,,,,,,,,,,0,0,0,0,0,0,/mnt/c/Users/Endri/Desktop/planetary-rover-experimental-study/experiments/generated_problems/battery_full_calibration/rover-battery-n4-mem-medium-corr-high-seed-4.pddl,/mnt/c/Users/Endri/Desktop/planetary-rover-experimental-study/experiments/generated_problems/battery_full_calibration/rover-battery-n4-mem-medium-corr-high-seed-4.json,/mnt/c/Users/Endri/Desktop/planetary-rover-experimental-study/experiments/raw_outputs/battery_full_calibration/rover-battery-n4-mem-medium-corr-high-seed-4.txt,
rover-battery-n4-mem-high-corr-low-seed-0,battery,0,4,high,1.0,16.0,16.0,1.0,,2.0,8.0,1.6666666666666667,24.0,40,16.0,"[""easy"", ""easy"", ""steep"", ""moderate""]","[{""from"": ""base"", ""to"": ""site1"", ""profile"": ""easy"", ""travel_time"": 1.5, ""energy_cost"": 2.0}, {""from"": ""site1"", ""to"": ""site2"", ""profile"": ""easy"", ""travel_time"": 1.5, ""energy_cost"": 2.0}, {""from"": ""site2"", ""to"": ""site3"", ""profile"": ""steep"", ""travel_time"": 3.0, ""energy_cost"": 5.0}, {""from"": ""site3"", ""to"": ""site4"", ""profile"": ""moderate"", ""travel_time"": 2.0, ""energy_cost"": 3.0}]",low,4,0,True,"[5, 5, 2, 4]","[5, 5, 4, 5]","[14.0, 14.0, 12.0, 14.0]","[19.0, 19.0, 18.0, 22.0]",solved,True,sat-hadd,30.0,6.32755,0,48,20.0,20.0,16.0,16.0,4.0,24.0,16.0,0.6,True,True,16,8,4,4,9,20.0,/mnt/c/Users/Endri/Desktop/planetary-rover-experimental-study/experiments/generated_problems/battery_full_calibration/rover-battery-n4-mem-high-corr-low-seed-0.pddl,/mnt/c/Users/Endri/Desktop/planetary-rover-experimental-study/experiments/generated_problems/battery_full_calibration/rover-battery-n4-mem-high-corr-low-seed-0.json,/mnt/c/Users/Endri/Desktop/planetary-rover-experimental-study/experiments/raw_outputs/battery_full_calibration/rover-battery-n4-mem-high-corr-low-seed-0.txt,
rover-battery-n4-mem-high-corr-low-seed-1,battery,1,4,high,1.0,15.0,15.0,1.0,,2.5,10.0,1.25,32.0,40,8.0,"[""steep"", ""moderate"", ""steep"", ""moderate""]","[{""from"": ""base"", ""to"": ""site1"", ""profile"": ""steep"", ""travel_time"": 3.0, ""energy_cost"": 5.0}, {""from"": ""site1"", ""to"": ""site2"", ""profile"": ""moderate"", ""travel_time"": 2.0, ""energy_cost"": 3.0}, {""from"": ""site2"", ""to"": ""site3"", ""profile"": ""steep"", ""travel_time"": 3.0, ""energy_cost"": 5.0}, {""from"": ""site3"", ""to"": ""site4"", ""profile"": ""moderate"", ""travel_time"": 2.0, ""energy_cost"": 3.0}]",low,4,0,True,"[3, 6, 2, 4]","[2, 5, 5, 5]","[12.0, 10.0, 10.0, 12.0]","[15.0, 15.0, 18.0, 22.0]",solved,True,sat-hadd,30.0,8.004881,0,53,25.0,25.0,20.0,20.0,5.0,32.0,8.0,0.8,True,True,16,8,4,4,9,25.0,/mnt/c/Users/Endri/Desktop/planetary-rover-experimental-study/experiments/generated_problems/battery_full_calibration/rover-battery-n4-mem-high-corr-low-seed-1.pddl,/mnt/c/Users/Endri/Desktop/planetary-rover-experimental-study/experiments/generated_problems/battery_full_calibration/rover-battery-n4-mem-high-corr-low-seed-1.json,/mnt/c/Users/Endri/Desktop/planetary-rover-experimental-study/experiments/raw_outputs/battery_full_calibration/rover-battery-n4-mem-high-corr-low-seed-1.txt,
rover-battery-n4-mem-high-corr-low-seed-2,battery,2,4,high,1.0,10.0,10.0,1.0,,2.0,8.0,1.6666666666666667,24.0,40,16.0,"[""easy"", ""rocky"", ""rocky"", ""easy""]","[{""from"": ""base"", ""to"": ""site1"", ""profile"": ""easy"", ""travel_time"": 1.5, ""energy_cost"": 2.0}, {""from"": ""site1"", ""to"": ""site2"", ""profile"": ""rocky"", ""travel_time"": 2.5, ""energy_cost"": 4.0}, {""from"": ""site2"", ""to"": ""site3"", ""profile"": ""rocky"", ""travel_time"": 2.5, ""energy_cost"": 4.0}, {""from"": ""site3"", ""to"": ""site4"", ""profile"": ""easy"", ""travel_time"": 1.5, ""energy_cost"": 2.0}]",low,4,0,True,"[2, 2, 2, 4]","[3, 4, 4, 3]","[12.0, 10.0, 10.0, 12.0]","[15.0, 14.0, 16.5, 20.0]",solved,True,sat-hadd,30.0,1.188457,0,74,38.0,38.0,24.0,24.0,14.0,36.0,4.0,0.9,True,True,20,12,4,4,14,38.0,/mnt/c/Users/Endri/Desktop/planetary-rover-experimental-study/experiments/generated_problems/battery_full_calibration/rover-battery-n4-mem-high-corr-low-seed-2.pddl,/mnt/c/Users/Endri/Desktop/planetary-rover-experimental-study/experiments/generated_problems/battery_full_calibration/rover-battery-n4-mem-high-corr-low-seed-2.json,/mnt/c/Users/Endri/Desktop/planetary-rover-experimental-study/experiments/raw_outputs/battery_full_calibration/rover-battery-n4-mem-high-corr-low-seed-2.txt,
rover-battery-n4-mem-high-corr-low-seed-3,battery,3,4,high,1.0,18.0,18.0,1.0,,2.5,10.0,1.25,32.0,40,8.0,"[""steep"", ""rocky"", ""steep"", ""easy""]","[{""from"": ""base"", ""to"": ""site1"", ""profile"": ""steep"", ""travel_time"": 3.0, ""energy_cost"": 5.0}, {""from"": ""site1"", ""to"": ""site2"", ""profile"": ""rocky"", ""travel_time"": 2.5, ""energy_cost"": 4.0}, {""from"": ""site2"", ""to"": ""site3"", ""profile"": ""steep"", ""travel_time"": 3.0, ""energy_cost"": 5.0}, {""from"": ""site3"", ""to"": ""site4"", ""profile"": ""easy"", ""travel_time"": 1.5, ""energy_cost"": 2.0}]",low,4,0,True,"[3, 6, 6, 3]","[4, 5, 2, 2]","[12.0, 14.0, 10.0, 12.0]","[16.0, 19.5, 18.5, 22.0]",solved,True,sat-hadd,30.0,2.249575,0,54,26.0,26.0,20.0,20.0,6.0,32.0,8.0,0.8,True,True,16,8,4,4,10,26.0,/mnt/c/Users/Endri/Desktop/planetary-rover-experimental-study/experiments/generated_problems/battery_full_calibration/rover-battery-n4-mem-high-corr-low-seed-3.pddl,/mnt/c/Users/Endri/Desktop/planetary-rover-experimental-study/experiments/generated_problems/battery_full_calibration/rover-battery-n4-mem-high-corr-low-seed-3.json,/mnt/c/Users/Endri/Desktop/planetary-rover-experimental-study/experiments/raw_outputs/battery_full_calibration/rover-battery-n4-mem-high-corr-low-seed-3.txt,
rover-battery-n4-mem-high-corr-low-seed-4,battery,4,4,high,1.0,14.0,14.0,1.0,,2.25,9.0,1.4285714285714286,28.0,40,12.0,"[""steep"", ""easy"", ""rocky"", ""moderate""]","[{""from"": ""base"", ""to"": ""site1"", ""profile"": ""steep"", ""travel_time"": 3.0, ""energy_cost"": 5.0}, {""from"": ""site1"", ""to"": ""site2"", ""profile"": ""easy"", ""travel_time"": 1.5, ""energy_cost"": 2.0}, {""from"": ""site2"", ""to"": ""site3"", ""profile"": ""rocky"", ""travel_time"": 2.5, ""energy_cost"": 4.0}, {""from"": ""site3"", ""to"": ""site4"", ""profile"": ""moderate"", ""travel_time"": 2.0, ""energy_cost"": 3.0}]",low,4,0,True,"[3, 4, 2, 5]","[5, 3, 2, 2]","[12.0, 10.0, 12.0, 14.0]","[17.0, 14.5, 19.0, 23.0]",timeout,False,sat-hadd,30.0,30.123681,124,,,,,,,,,,,,0,0,0,0,0,0.0,/mnt/c/Users/Endri/Desktop/planetary-rover-experimental-study/experiments/generated_problems/battery_full_calibration/rover-battery-n4-mem-high-corr-low-seed-4.pddl,/mnt/c/Users/Endri/Desktop/planetary-rover-experimental-study/experiments/generated_problems/battery_full_calibration/rover-battery-n4-mem-high-corr-low-seed-4.json,/mnt/c/Users/Endri/Desktop/planetary-rover-experimental-study/experiments/raw_outputs/battery_full_calibration/rover-battery-n4-mem-high-corr-low-seed-4.txt,
rover-battery-n4-mem-high-corr-medium-seed-0,battery,0,4,high,1.0,16.0,16.0,1.0,,2.0,8.0,1.6666666666666667,24.0,40,16.0,"[""easy"", ""easy"", ""steep"", ""moderate""]","[{""from"": ""base"", ""to"": ""site1"", ""profile"": ""easy"", ""travel_time"": 1.5, ""energy_cost"": 2.0}, {""from"": ""site1"", ""to"": ""site2"", ""profile"": ""easy"", ""travel_time"": 1.5, ""energy_cost"": 2.0}, {""from"": ""site2"", ""to"": ""site3"", ""profile"": ""steep"", ""travel_time"": 3.0, ""energy_cost"": 5.0}, {""from"": ""site3"", ""to"": ""site4"", ""profile"": ""moderate"", ""travel_time"": 2.0, ""energy_cost"": 3.0}]",medium,4,0,True,"[5, 5, 2, 4]","[5, 5, 4, 5]","[10.0, 10.0, 8.0, 10.0]","[15.0, 15.0, 14.0, 18.0]",solved,True,sat-hadd,30.0,1.667452,0,67,31.0,31.0,22.0,22.0,9.0,32.0,8.0,0.8,True,True,20,12,4,4,14,31.0,/mnt/c/Users/Endri/Desktop/planetary-rover-experimental-study/experiments/generated_problems/battery_full_calibration/rover-battery-n4-mem-high-corr-medium-seed-0.pddl,/mnt/c/Users/Endri/Desktop/planetary-rover-experimental-study/experiments/generated_problems/battery_full_calibration/rover-battery-n4-mem-high-corr-medium-seed-0.json,/mnt/c/Users/Endri/Desktop/planetary-rover-experimental-study/experiments/raw_outputs/battery_full_calibration/rover-battery-n4-mem-high-corr-medium-seed-0.txt,
rover-battery-n4-mem-high-corr-medium-seed-1,battery,1,4,high,1.0,15.0,15.0,1.0,,2.5,10.0,1.25,32.0,40,8.0,"[""steep"", ""moderate"", ""steep"", ""moderate""]","[{""from"": ""base"", ""to"": ""site1"", ""profile"": ""steep"", ""travel_time"": 3.0, ""energy_cost"": 5.0}, {""from"": ""site1"", ""to"": ""site2"", ""profile"": ""moderate"", ""travel_time"": 2.0, ""energy_cost"": 3.0}, {""from"": ""site2"", ""to"": ""site3"", ""profile"": ""steep"", ""travel_time"": 3.0, ""energy_cost"": 5.0}, {""from"": ""site3"", ""to"": ""site4"", ""profile"": ""moderate"", ""travel_time"": 2.0, ""energy_cost"": 3.0}]",medium,4,0,True,"[3, 6, 2, 4]","[2, 5, 5, 5]","[8.0, 6.0, 6.0, 8.0]","[11.0, 11.0, 14.0, 18.0]",solved,True,sat-hadd,30.0,2.511478,0,49,21.0,21.0,20.0,20.0,1.0,32.0,8.0,0.8,True,True,16,8,4,4,9,21.0,/mnt/c/Users/Endri/Desktop/planetary-rover-experimental-study/experiments/generated_problems/battery_full_calibration/rover-battery-n4-mem-high-corr-medium-seed-1.pddl,/mnt/c/Users/Endri/Desktop/planetary-rover-experimental-study/experiments/generated_problems/battery_full_calibration/rover-battery-n4-mem-high-corr-medium-seed-1.json,/mnt/c/Users/Endri/Desktop/planetary-rover-experimental-study/experiments/raw_outputs/battery_full_calibration/rover-battery-n4-mem-high-corr-medium-seed-1.txt,
rover-battery-n4-mem-high-corr-medium-seed-2,battery,2,4,high,1.0,10.0,10.0,1.0,,2.0,8.0,1.6666666666666667,24.0,40,16.0,"[""easy"", ""rocky"", ""rocky"", ""easy""]","[{""from"": ""base"", ""to"": ""site1"", ""profile"": ""easy"", ""travel_time"": 1.5, ""energy_cost"": 2.0}, {""from"": ""site1"", ""to"": ""site2"", ""profile"": ""rocky"", ""travel_time"": 2.5, ""energy_cost"": 4.0}, {""from"": ""site2"", ""to"": ""site3"", ""profile"": ""rocky"", ""travel_time"": 2.5, ""energy_cost"": 4.0}, {""from"": ""site3"", ""to"": ""site4"", ""profile"": ""easy"", ""travel_time"": 1.5, ""energy_cost"": 2.0}]",medium,4,0,True,"[2, 2, 2, 4]","[3, 4, 4, 3]","[8.0, 6.0, 6.0, 8.0]","[11.0, 10.0, 12.5, 16.0]",solved,True,sat-hadd,30.0,0.503885,0,68,32.0,32.0,24.0,24.0,8.0,36.0,4.0,0.9,True,True,20,12,4,4,13,32.0,/mnt/c/Users/Endri/Desktop/planetary-rover-experimental-study/experiments/generated_problems/battery_full_calibration/rover-battery-n4-mem-high-corr-medium-seed-2.pddl,/mnt/c/Users/Endri/Desktop/planetary-rover-experimental-study/experiments/generated_problems/battery_full_calibration/rover-battery-n4-mem-high-corr-medium-seed-2.json,/mnt/c/Users/Endri/Desktop/planetary-rover-experimental-study/experiments/raw_outputs/battery_full_calibration/rover-battery-n4-mem-high-corr-medium-seed-2.txt,
rover-battery-n4-mem-high-corr-medium-seed-3,battery,3,4,high,1.0,18.0,18.0,1.0,,2.5,10.0,1.25,32.0,40,8.0,"[""steep"", ""rocky"", ""steep"", ""easy""]","[{""from"": ""base"", ""to"": ""site1"", ""profile"": ""steep"", ""travel_time"": 3.0, ""energy_cost"": 5.0}, {""from"": ""site1"", ""to"": ""site2"", ""profile"": ""rocky"", ""travel_time"": 2.5, ""energy_cost"": 4.0}, {""from"": ""site2"", ""to"": ""site3"", ""profile"": ""steep"", ""travel_time"": 3.0, ""energy_cost"": 5.0}, {""from"": ""site3"", ""to"": ""site4"", ""profile"": ""easy"", ""travel_time"": 1.5, ""energy_cost"": 2.0}]",medium,4,0,True,"[3, 6, 6, 3]","[4, 5, 2, 2]","[8.0, 10.0, 6.0, 8.0]","[12.0, 15.5, 14.5, 18.0]",solved,True,sat-hadd,30.0,2.576508,0,52,24.0,24.0,20.0,20.0,4.0,32.0,8.0,0.8,True,True,16,8,4,4,10,24.0,/mnt/c/Users/Endri/Desktop/planetary-rover-experimental-study/experiments/generated_problems/battery_full_calibration/rover-battery-n4-mem-high-corr-medium-seed-3.pddl,/mnt/c/Users/Endri/Desktop/planetary-rover-experimental-study/experiments/generated_problems/battery_full_calibration/rover-battery-n4-mem-high-corr-medium-seed-3.json,/mnt/c/Users/Endri/Desktop/planetary-rover-experimental-study/experiments/raw_outputs/battery_full_calibration/rover-battery-n4-mem-high-corr-medium-seed-3.txt,
rover-battery-n4-mem-high-corr-medium-seed-4,battery,4,4,high,1.0,14.0,14.0,1.0,,2.25,9.0,1.4285714285714286,28.0,40,12.0,"[""steep"", ""easy"", ""rocky"", ""moderate""]","[{""from"": ""base"", ""to"": ""site1"", ""profile"": ""steep"", ""travel_time"": 3.0, ""energy_cost"": 5.0}, {""from"": ""site1"", ""to"": ""site2"", ""profile"": ""easy"", ""travel_time"": 1.5, ""energy_cost"": 2.0}, {""from"": ""site2"", ""to"": ""site3"", ""profile"": ""rocky"", ""travel_time"": 2.5, ""energy_cost"": 4.0}, {""from"": ""site3"", ""to"": ""site4"", ""profile"": ""moderate"", ""travel_time"": 2.0, ""energy_cost"": 3.0}]",medium,4,0,True,"[3, 4, 2, 5]","[5, 3, 2, 2]","[8.0, 6.0, 8.0, 10.0]","[13.0, 10.5, 15.0, 19.0]",solved,True,sat-hadd,30.0,9.432662,0,52,24.0,24.0,18.0,18.0,6.0,28.0,12.0,0.7,True,True,16,8,4,4,10,24.0,/mnt/c/Users/Endri/Desktop/planetary-rover-experimental-study/experiments/generated_problems/battery_full_calibration/rover-battery-n4-mem-high-corr-medium-seed-4.pddl,/mnt/c/Users/Endri/Desktop/planetary-rover-experimental-study/experiments/generated_problems/battery_full_calibration/rover-battery-n4-mem-high-corr-medium-seed-4.json,/mnt/c/Users/Endri/Desktop/planetary-rover-experimental-study/experiments/raw_outputs/battery_full_calibration/rover-battery-n4-mem-high-corr-medium-seed-4.txt,
rover-battery-n4-mem-high-corr-high-seed-0,battery,0,4,high,1.0,16.0,16.0,1.0,,2.0,8.0,1.6666666666666667,24.0,40,16.0,"[""easy"", ""easy"", ""steep"", ""moderate""]","[{""from"": ""base"", ""to"": ""site1"", ""profile"": ""easy"", ""travel_time"": 1.5, ""energy_cost"": 2.0}, {""from"": ""site1"", ""to"": ""site2"", ""profile"": ""easy"", ""travel_time"": 1.5, ""energy_cost"": 2.0}, {""from"": ""site2"", ""to"": ""site3"", ""profile"": ""steep"", ""travel_time"": 3.0, ""energy_cost"": 5.0}, {""from"": ""site3"", ""to"": ""site4"", ""profile"": ""moderate"", ""travel_time"": 2.0, ""energy_cost"": 3.0}]",high,4,0,True,"[5, 5, 2, 4]","[5, 5, 4, 5]","[5.0, 5.0, 4.0, 5.0]","[10.0, 10.0, 10.0, 13.0]",solved,True,sat-hadd,30.0,0.546797,0,68,32.0,32.0,22.0,22.0,10.0,32.0,8.0,0.8,True,True,20,12,4,4,14,32.0,/mnt/c/Users/Endri/Desktop/planetary-rover-experimental-study/experiments/generated_problems/battery_full_calibration/rover-battery-n4-mem-high-corr-high-seed-0.pddl,/mnt/c/Users/Endri/Desktop/planetary-rover-experimental-study/experiments/generated_problems/battery_full_calibration/rover-battery-n4-mem-high-corr-high-seed-0.json,/mnt/c/Users/Endri/Desktop/planetary-rover-experimental-study/experiments/raw_outputs/battery_full_calibration/rover-battery-n4-mem-high-corr-high-seed-0.txt,
rover-battery-n4-mem-high-corr-high-seed-1,battery,1,4,high,1.0,15.0,15.0,1.0,,2.5,10.0,1.25,32.0,40,8.0,"[""steep"", ""moderate"", ""steep"", ""moderate""]","[{""from"": ""base"", ""to"": ""site1"", ""profile"": ""steep"", ""travel_time"": 3.0, ""energy_cost"": 5.0}, {""from"": ""site1"", ""to"": ""site2"", ""profile"": ""moderate"", ""travel_time"": 2.0, ""energy_cost"": 3.0}, {""from"": ""site2"", ""to"": ""site3"", ""profile"": ""steep"", ""travel_time"": 3.0, ""energy_cost"": 5.0}, {""from"": ""site3"", ""to"": ""site4"", ""profile"": ""moderate"", ""travel_time"": 2.0, ""energy_cost"": 3.0}]",high,4,0,True,"[3, 6, 2, 4]","[2, 5, 5, 5]","[4.0, 3.0, 3.0, 4.0]","[7.0, 8.0, 11.0, 14.0]",solved,True,sat-hadd,30.0,1.027712,0,51,23.0,23.0,20.0,20.0,3.0,32.0,8.0,0.8,True,True,16,8,4,4,9,23.0,/mnt/c/Users/Endri/Desktop/planetary-rover-experimental-study/experiments/generated_problems/battery_full_calibration/rover-battery-n4-mem-high-corr-high-seed-1.pddl,/mnt/c/Users/Endri/Desktop/planetary-rover-experimental-study/experiments/generated_problems/battery_full_calibration/rover-battery-n4-mem-high-corr-high-seed-1.json,/mnt/c/Users/Endri/Desktop/planetary-rover-experimental-study/experiments/raw_outputs/battery_full_calibration/rover-battery-n4-mem-high-corr-high-seed-1.txt,
rover-battery-n4-mem-high-corr-high-seed-2,battery,2,4,high,1.0,10.0,10.0,1.0,,2.0,8.0,1.6666666666666667,24.0,40,16.0,"[""easy"", ""rocky"", ""rocky"", ""easy""]","[{""from"": ""base"", ""to"": ""site1"", ""profile"": ""easy"", ""travel_time"": 1.5, ""energy_cost"": 2.0}, {""from"": ""site1"", ""to"": ""site2"", ""profile"": ""rocky"", ""travel_time"": 2.5, ""energy_cost"": 4.0}, {""from"": ""site2"", ""to"": ""site3"", ""profile"": ""rocky"", ""travel_time"": 2.5, ""energy_cost"": 4.0}, {""from"": ""site3"", ""to"": ""site4"", ""profile"": ""easy"", ""travel_time"": 1.5, ""energy_cost"": 2.0}]",high,4,0,True,"[2, 2, 2, 4]","[3, 4, 4, 3]","[4.0, 3.0, 3.0, 4.0]","[7.0, 7.0, 9.5, 12.0]",solved,True,sat-hadd,30.0,0.505141,0,69,33.0,33.0,24.0,24.0,9.0,36.0,4.0,0.9,True,True,20,12,4,4,15,33.0,/mnt/c/Users/Endri/Desktop/planetary-rover-experimental-study/experiments/generated_problems/battery_full_calibration/rover-battery-n4-mem-high-corr-high-seed-2.pddl,/mnt/c/Users/Endri/Desktop/planetary-rover-experimental-study/experiments/generated_problems/battery_full_calibration/rover-battery-n4-mem-high-corr-high-seed-2.json,/mnt/c/Users/Endri/Desktop/planetary-rover-experimental-study/experiments/raw_outputs/battery_full_calibration/rover-battery-n4-mem-high-corr-high-seed-2.txt,
rover-battery-n4-mem-high-corr-high-seed-3,battery,3,4,high,1.0,18.0,18.0,1.0,,2.5,10.0,1.25,32.0,40,8.0,"[""steep"", ""rocky"", ""steep"", ""easy""]","[{""from"": ""base"", ""to"": ""site1"", ""profile"": ""steep"", ""travel_time"": 3.0, ""energy_cost"": 5.0}, {""from"": ""site1"", ""to"": ""site2"", ""profile"": ""rocky"", ""travel_time"": 2.5, ""energy_cost"": 4.0}, {""from"": ""site2"", ""to"": ""site3"", ""profile"": ""steep"", ""travel_time"": 3.0, ""energy_cost"": 5.0}, {""from"": ""site3"", ""to"": ""site4"", ""profile"": ""easy"", ""travel_time"": 1.5, ""energy_cost"": 2.0}]",high,4,0,True,"[3, 6, 6, 3]","[4, 5, 2, 2]","[4.0, 5.0, 3.0, 4.0]","[8.0, 10.5, 11.5, 14.0]",solved,True,sat-hadd,30.0,1.092374,0,53,25.0,25.0,20.0,20.0,5.0,32.0,8.0,0.8,True,True,16,8,4,4,10,25.0,/mnt/c/Users/Endri/Desktop/planetary-rover-experimental-study/experiments/generated_problems/battery_full_calibration/rover-battery-n4-mem-high-corr-high-seed-3.pddl,/mnt/c/Users/Endri/Desktop/planetary-rover-experimental-study/experiments/generated_problems/battery_full_calibration/rover-battery-n4-mem-high-corr-high-seed-3.json,/mnt/c/Users/Endri/Desktop/planetary-rover-experimental-study/experiments/raw_outputs/battery_full_calibration/rover-battery-n4-mem-high-corr-high-seed-3.txt,
rover-battery-n4-mem-high-corr-high-seed-4,battery,4,4,high,1.0,14.0,14.0,1.0,,2.25,9.0,1.4285714285714286,28.0,40,12.0,"[""steep"", ""easy"", ""rocky"", ""moderate""]","[{""from"": ""base"", ""to"": ""site1"", ""profile"": ""steep"", ""travel_time"": 3.0, ""energy_cost"": 5.0}, {""from"": ""site1"", ""to"": ""site2"", ""profile"": ""easy"", ""travel_time"": 1.5, ""energy_cost"": 2.0}, {""from"": ""site2"", ""to"": ""site3"", ""profile"": ""rocky"", ""travel_time"": 2.5, ""energy_cost"": 4.0}, {""from"": ""site3"", ""to"": ""site4"", ""profile"": ""moderate"", ""travel_time"": 2.0, ""energy_cost"": 3.0}]",high,4,0,True,"[3, 4, 2, 5]","[5, 3, 2, 2]","[4.0, 3.0, 4.0, 5.0]","[9.0, 7.5, 11.0, 14.0]",solved,True,sat-hadd,30.0,2.847612,0,53,25.0,25.0,18.0,18.0,7.0,28.0,12.0,0.7,True,True,16,8,4,4,11,25.0,/mnt/c/Users/Endri/Desktop/planetary-rover-experimental-study/experiments/generated_problems/battery_full_calibration/rover-battery-n4-mem-high-corr-high-seed-4.pddl,/mnt/c/Users/Endri/Desktop/planetary-rover-experimental-study/experiments/generated_problems/battery_full_calibration/rover-battery-n4-mem-high-corr-high-seed-4.json,/mnt/c/Users/Endri/Desktop/planetary-rover-experimental-study/experiments/raw_outputs/battery_full_calibration/rover-battery-n4-mem-high-corr-high-seed-4.txt,
